First,Second,Count
VERY,LENS,187
APEX,LINE,1399
SERA,AVEC,388
SURF,BOAT,3429
REAL,BUSY,7707
SUCH,HORN,496
SOLO,FINE,206
THAT,DOGS,89852
SOFA,LATE,68
WERE,ONJY,45
THAT,JOHN,1109835
FREE,OVER,14386
TVES,INTO,179
BADE,MAKE,373
GAVE,MORE,187609
FROM,HEAD,648173
EYES,DULL,10209
POOR,ORAL,25462
DIRT,EVER,381
WORD,MAIL,2238
HIGH,HAND,59635
EVES,THAT,1295
COST,FROM,191080
THAN,WITH,3528522
INTO,RUBY,2092
DOES,ROLE,793
MINI,POOL,104
MARY,ERNE,56
LORD,COME,16281
JUNE,TUES,303
MUCH,FISH,14848
DEAL,UPON,32219
WITH,KANT,94394
WERE,NUMB,30802
WERE,OVER,1122055
MIND,WENT,80670
VICE,RAID,551
HOUR,AWAY,57912
IDLE,WALK,253
EARS,OVER,4623
THIN,SHIM,475
SEND,WERE,923
SOLD,LIKE,38123
CAST,UPON,357974
WHEN,PAIN,55627
MUCH,DAWN,124
EPIC,VEIN,770
DOES,THIS,3759724
THAT,FEST,185
TURN,HERE,20412
PANE,WORK,73
CODE,FONT,1637
THUS,TYRE,216
TEAM,BUSY,551
WITH,DAYS,22129
THEN,UPON,126677
THEY,EASE,6892
THAT,ACAS,739
YOUR,BEST,1208436
STIR,LONG,228
DANG,TIEN,86
WITH,LATE,122825
HERE,FEEL,10380
PART,VERY,43843
FACT,OTTO,114
GREY,LOCK,1945
SUCH,CAPS,3361
LATH,WORK,485
MILL,NEAR,24922
DADA,LEKH,102
MILK,INTO,82526
EADS,TOOK,106
UPON,BOTH,315464
MANY,GROG,193
FREE,HOUR,8791
MOST,MOCK,270
AMIR,FLED,190
FRAY,LUIS,35230
ACID,PEAT,4461
EVER,SWAM,3265
MIND,KEEN,1075
WHOM,THIS,553109
BORN,WHEN,90973
TYPE,LIES,3472
BORN,FREE,106999
WERE,WHAT,285427
READ,THIS,1324965
BABY,WOKE,4082
TRUE,THAT,8883616
HELP,MANY,35824
LAIN,INTO,98
BOND,TYPE,11145
THAT,MIME,3440
CAME,NIGH,15421
HAVE,BEEN,243546216
WERE,TAXT,117
LOAN,AREA,590
HELP,THEM,2958622
ADAM,LOCK,313
RIFT,AREA,984
LIKE,DOSA,70
UNIS,FACE,229
WILL,ALSO,7013450
HERO,CAME,5234
LANA,JUST,229
BOTH,SIZE,39684
LION,HERO,136
THAT,FLED,31346
INTO,IVAN,1907
FREE,JAVA,911
MORE,RENT,18207
THIS,GOOD,648983
IDEA,WHAT,995604
THIS,FACT,5138067
WITH,CHEN,13532
BRAY,SOON,75
WANT,THIS,412590
HOLT,SOLD,190
CUTS,FROM,54779
CELL,BIOL,541052
WIRT,SAYS,579
TYPE,GUYS,875
LISA,CARR,103
MEAT,MANY,547
GIVE,LAWS,21013
JUST,HOPE,135490
OPEN,REAL,1155
TAKE,CARE,6226989
COIN,INTO,35128
WITH,IRAN,145979
WITH,IHSS,1154
PLAY,WIDE,642
THEY,DENY,165865
WITH,THIS,25728737
THAN,NICK,4630
HINT,ONCE,752
SIPS,WERE,738
DOWN,DICK,2426
FLAG,THAR,56
MEAN,CELL,25406
THAT,PART,4675113
MAKE,MANY,304921
DANN,AUCH,10473
KOSH,WERE,75
BEAK,GOES,75
COUP,TAKE,165
LOOK,UPON,2356776
WORK,OPEN,7807
TUBE,LIKE,8134
WILL,LOVE,365199
MACS,WITH,2323
GWAN,AWAY,56
EVIL,GROW,1214
THAT,KANI,181
THEM,WITH,12540031
LACK,SELF,23123
WHOM,DUTY,4696
EYES,WENT,122899
FISH,THAT,354363
SAID,DIVA,1610
TIME,CNAA,69
PURE,TRNA,221
DOWN,FLOW,4758
FROM,BARI,6815
KEEN,FACE,4958
ONCE,THIS,712669
WIFE,LIKE,32247
POOR,WILD,3324
IPSI,SUAM,59
JOSE,EAST,105
TIME,JOBS,204144
BURT,USED,445
PALM,WINE,69612
ITEM,LONG,723
YORK,EACH,4405
FAME,SHIP,1017
DOWN,PLAY,5028
BEEN,VOID,12660
THAT,NSMS,498
WHEN,THRO,1975
VERY,WISE,232471
THAN,THIS,4131601
THEY,WANT,4772177
TEAM,ONCE,5530
FILM,DONE,1172
NICE,CODA,47
MODE,FILM,90
BACK,VERY,54488
HIRE,LIKE,534
QUAD,THIS,61
BOTH,CAME,104951
EVIL,PART,5370
ROLL,BAND,13034
INTO,KERN,474
THIS,LOVE,508270
VERY,DOOR,53911
BUSH,WORK,1700
TALE,CITY,878
OMEN,WERE,1297
OHIO,LAST,812
WERE,AWRY,2000
IDEA,KEPT,2782
NAME,UPON,82443
WITH,PURE,444759
FORT,LYON,19050
HUGE,GAPS,11450
SOIL,UNIT,5316
YEAR,WERE,382177
PURE,ANSI,61
LENT,FUEL,560
ZANU,ZAPU,56
LESS,EFFI,277
CUPS,NEAR,506
RAMS,WERE,17027
TUBE,BOLT,178
THUS,MANY,140480
INTO,EVEN,95346
WHEN,AMYL,435
FROM,YEAR,980382
SEND,FIRM,82
POOR,CHAP,39827
LIME,PLAY,51
BEND,OPEN,474
ENOW,WHAT,366
SAVE,JPEG,107
JOHN,HART,41349
SORT,LAST,560
SAND,SENT,490
REVS,WERE,306
SANG,MUCH,1611
HUAN,DIED,100
HELD,JULY,14193
ANCE,WITH,23885
THEY,WILL,25285650
BOYS,RAPE,165
PURE,FAME,1283
THAT,BRUS,160
SOME,FEAR,92937
RENT,PAID,77748
HEWN,WORK,592
WERE,MUCH,2195367
FROM,QUAR,69
PAUL,FINE,423
MILE,AWAY,433533
THAT,LAKE,98962
MISS,MARY,308194
ONCE,LIFE,7693
DOTH,SELL,652
CAVE,WERE,15586
SLOW,DOWN,1104014
TIME,BATH,705
ITES,FROM,315
INTO,HONG,15345
WOOD,FIRE,93808
LALA,RUKH,376
SICK,GIRL,29868
WAYS,WITH,224036
TILL,AXEL,100
THAT,HOLY,239639
ELLS,WERE,1203
ALSO,LONG,74062
HEVE,BOON,58
AUNT,SOME,1071
PINE,ARMS,124
SOUL,THEN,16025
BALL,CURL,120
HATH,MORE,32068
THAI,SUCH,3290
THAN,NORM,2060
YORE,EVEN,73
OVER,SUCH,514647
YARD,LIES,853
DATA,THEY,103824
RICH,WALL,1593
TWAS,VAIN,1059
TONS,FALL,229
THEY,CANT,9331
YOUR,FEET,1142561
LNEW,YORK,2059
WITH,PCOS,23793
WHEN,WAVY,157
FIVE,ORAL,1376
BASE,TANK,321
REMI,LAKE,127
SOME,HELP,458571
DOZE,ANOS,163
UPON,MUTA,80
COST,ISDN,46
MADE,JANE,4331
LEFT,OVER,782881
HEAL,FLUX,571
VEIL,REST,54
FOUR,THIS,19992
HEAR,KATE,1325
SORE,FALL,282
PARA,IRSE,504
THEN,BIND,16946
BANK,AFDB,142
JEST,LIES,549
CLUB,WORK,47103
MILK,VERY,3750
THAN,WHEN,2297904
TEAM,COST,833
IELD,THAT,144
MUCH,HARD,71907
JOHN,THIS,9566
DARK,BROW,15530
HEAD,MERE,113
THAT,MANY,9812965
DATA,RATE,208542
SAME,WINE,11523
MOVE,DATA,32926
BALL,CAPS,3145
MIND,BEST,2803
PURE,LOST,81
JOHN,PAID,5748
PAIN,WERE,43196
GREY,JAIL,46
FELT,SICK,133669
HOOT,WITH,2080
BONE,FIRM,165
MIRA,THAT,657
WITH,UAVS,183
DUKE,SOME,1320
FROM,RUIN,89080
THEN,THAT,3372295
CELL,FORM,8622
FIRS,MUST,218
LIFE,BLDG,5079
FROM,SEAN,8260
FOWL,THAN,1953
IRON,THEY,11841
SOME,CARE,158585
TAKE,CASH,9989
WHAT,TYPE,818050
COIL,MUST,12606
PROD,LIAB,9314
SAME,MURA,70
GRIP,TILL,736
SOME,MILD,54619
JOHN,DEWE,224
SHOD,SOME,118
UTAH,LEAD,96
HERE,WORK,10217
NICK,SLID,1156
SOME,LULL,759
THAN,AVOW,464
LEFT,BARB,68
YOUR,MONO,186
ONLY,BOAT,10979
NEED,LOVE,22745
THIS,RASE,1247
THAN,UPON,491448
NEST,LINE,283
ANNE,CAME,13984
ITEM,TOOL,4184
THIS,SORT,4228984
GAUL,DOES,260
KIDS,SAKE,275
PLEA,THAT,306980
HUNS,SOON,170
FLIP,PEAK,129
HAVE,LEFT,3048943
DARK,MASS,53773
WELL,THAT,2560603
FOOT,ROWS,2636
KITA,SAID,210
MEAN,SORT,3972
FROM,HELL,267966
FELT,BOTH,57787
SORT,TOOK,4828
WHEN,HUBS,71
THAT,FROM,3933244
COPY,OVER,9131
WERE,LATE,122253
SUCH,LIME,2429
DEBT,THEY,20352
REED,USES,679
GANG,MILL,1321
HIDE,WITH,27915
SECT,WILL,4894
GRID,CELL,33652
CORE,FIRE,199
HATE,BATS,242
WIDE,OPEN,1050495
LOOP,FOOD,54
JOHN,INCE,723
PEAK,WITH,62806
AWAY,FROM,30276888
BARS,COST,1020
LAMP,WITH,104789
MORE,USES,18017
REAP,JUST,1009
HATE,DIET,55
DROP,BOOK,64
JUST,TORN,5314
YOUR,CALL,162163
THEM,WERE,5190954
ONLY,PORN,162
OPEN,HOAT,46
POTS,SUCH,757
TUBE,MAKE,968
HSIN,SAID,429
MANY,INTO,40106
SAFE,LINE,4494
CORA,THAT,1488
WHAT,OSIP,72
TOLD,VENN,107
LAWN,OPEN,232
DOME,ROCK,1493
AWAY,YOUR,216316
THEN,DREW,144593
ORGY,WITH,3942
TUSK,THAT,1479
JEEP,CARS,163
BACK,LINE,20583
THAT,THEN,733015
THEN,JENS,173
MATT,WERE,4931
CASH,GOLD,443
MENU,THAT,112770
THUS,REDI,43
SHOW,THOU,1351
SENS,NOUS,443
THIS,DATA,756016
WIDE,PATH,17982
FACT,ONLY,173428
VERN,WENT,316
TIME,FROM,1460918
CUPS,LARD,173
BANK,PUTS,2434
FOOD,TILL,9882
GRAY,RAIN,5858
JANE,ONCE,1391
SAID,NOOR,455
CTCL,WITH,113
ADAM,HOMO,1257
WERE,OTHE,57
MORE,MILK,81055
ECUS,WERE,992
UNIT,SUCH,22025
UPON,MORE,138134
CAVE,OVER,2451
YNET,NEWS,95
SOFT,NEAT,68
POET,MUST,85310
OUTA,FIVE,40
SOME,EIGH,55
GRIM,CRAG,57
FACT,NEXT,1392
AWAY,FRQM,70
THEY,MEET,794337
FORD,LONG,350
KEPT,FROM,502872
OXEN,TIED,523
DALY,DREW,140
THAN,ELIE,238
THOU,DOTH,1091
ABER,NEUE,192
LATE,FAST,680
WISE,WITH,29772
TOOL,MADE,9884
SWIG,LIKE,50
HAVE,COSY,303
THAT,ONCE,2421081
HATS,THAT,24437
CENT,WENT,19615
HERE,FUEL,341
WHAT,ROOM,38749
FIVE,AIMS,1802
NEXT,HARD,1895
SANT,SHRI,94
TILT,LENS,72
CHOU,YANG,13249
SHOW,LOVE,32301
FOUR,DAYE,72
TECH,SHOP,213
TOOK,FIVE,97892
MEAT,INTO,61298
SOME,OPEN,79112
THAT,NORE,334
WORD,SINK,928
TIES,GIVE,1129
PROB,ABLE,877
YOUR,BOSS,368034
LINE,FUSE,2085
KNEW,MUST,40587
THIN,EYES,755
TOOK,LOVE,1478
DRUG,MORE,6274
DIKE,MUST,605
SELL,LAWS,48
THOU,WILT,801620
ROOT,MEAN,103000
FAME,WERE,20890
CARD,USED,15675
WITH,STRE,48
LATE,KING,323731
KNOW,THAT,23010061
FAIT,FUIR,286
THIS,GINK,154
NEED,RING,108
WIFE,FILL,222
FROM,EVIL,396711
AVEC,TOUT,9631
ODES,SHOW,429
LONG,FOLK,974
THEN,ENOS,188
LORE,CITY,199
EVER,WORK,33154
GETS,BACK,159823
SEEM,THAT,2318286
COUP,FOUR,236
SOME,HARD,200709
FILL,ADDE,91
TIME,SETS,7765
DOWN,TAXI,277
FOUR,MAKE,6062
HARD,DIRT,8016
MOST,COPY,1666
BACK,AWED,209
FACT,THAT,57745924
SHOW,BEST,5913
ARTS,FORT,175
FAST,RUNS,4120
WHAT,WILL,4440319
JEFF,KNEW,5743
THIS,HOLY,330408
BABA,EGBE,289
FINE,LINE,186994
CASE,WHAT,67941
ARAM,MUST,87
WOLL,THAT,986
BLUE,HAVE,4932
LIKE,KEAN,1126
PIER,PIER,377
COST,EVER,956
COCO,YAMS,507
LOFT,THAN,1255
EASE,FALL,80
LETS,THEM,101882
BOYS,ALSO,32311
WITH,CLAY,285361
WEEK,FROM,242714
FROM,FLAW,1171
SING,LIFE,463
KEPT,HAIG,51
VOGT,SENT,80
HOPE,THAT,7773971
LESS,JUNK,932
HELD,LORD,1071
EYES,THEY,66307
TERM,MAIN,882
JOHN,RUDY,244
WERE,ZEAL,268
EACH,CASO,321
CART,SANK,230
PUSS,SAID,492
BEEN,BRIM,110
THAT,TELS,248
FIVE,WAYS,80268
PION,ONLY,65
THIS,SIDE,1606556
NEAR,NICS,117
TREE,UPON,17840
THAT,KARO,800
FROM,GONA,832
TYPE,TERM,2617
EXPR,TERM,144
JULE,SAID,960
HERE,WELL,16151
SLEW,RATE,30749
ARCH,LESS,239
FACE,BIAS,375
MORE,UPON,350141
LOVE,GOOD,19303
WANT,JUNE,296
SEEN,TITO,528
THAT,LAID,133753
HEIR,FELL,226
WITH,PFPE,135
SEEK,REST,12476
AMID,THIS,75623
DYED,BLUE,10512
WAYS,MORE,94247
THAT,GIRL,471440
FROM,SETO,711
IONS,MUST,22306
ROSE,BACK,6431
WITH,NGAN,67
CAEN,DOES,53
AKAN,WORD,964
WHEN,PACE,985
JOSH,WHEN,1118
EYES,ONCE,42339
WORN,WHEN,48771
DRAW,SOME,164621
WENT,ONCE,38338
UFOS,OVER,1024
GOTT,NACH,489
GOAL,MADE,2753
POKE,ROOT,4439
GEVE,THES,55
PLEA,JUST,501
RELY,MORE,165495
BANK,ACTS,16183
RING,TOOK,1481
THAW,WERE,897
WITH,HTML,33621
GRAY,SEMI,725
TIBI,NUNC,824
FREE,WILL,1537781
ETRE,DUPE,336
SITU,MELT,122
MOST,SMUG,340
CARE,TEND,2629
VILE,WORK,1628
WORM,BACK,560
FEAR,SOME,31016
JUST,ONLY,15072
SEES,THAT,651928
SAID,DIDI,800
FROM,MULT,212
ILLS,WERE,10110
PAUL,SAID,256981
SOFT,MAZE,41
ANTS,WORK,1438
DULL,FILM,1681
LOMA,PARK,288
WOLF,CALL,1385
EACH,FILE,128973
ARMS,PURE,57
GAZE,BACK,42839
MATT,RASH,625
BOSE,DOES,376
DAVE,WERE,5592
INCH,BELT,4695
THAT,CITY,1973581
HEAR,MILE,107
INTO,PETE,3413
KHOO,SEOK,511
AUNT,LUTE,18145
THAN,BABE,1842
MOST,AIRY,5396
FROM,SENT,1058
COST,TEAM,280
ONLY,WAYS,39515
AMOS,PUTS,209
WILL,SUCK,18659
FROM,IRUN,1335
IMPS,THAN,110
MISS,ROLT,127
BUON,VISO,67
RAYS,FROM,290864
BOTH,HAVE,1145872
WITH,WHAT,7915738
OTIS,TEST,4819
FEES,PAID,142100
FILM,FILM,6667
RAND,KEPT,384
SEAT,ATOP,955
WORK,INTO,330266
HARM,THEM,74010
LINE,LEND,93
BEEN,OVER,463448
THAT,SORT,1806368
ERIK,BOGH,146
WORD,ISOS,289
WERE,ALSO,11992809
NOON,MUST,603
WITH,ERIK,12615
EPOS,THAN,175
FROM,AGES,72659
COST,MILK,760
PADS,HIGH,64
DEEP,PART,30182
LIKE,KUNG,943
DEAD,WERE,245886
FULL,LIPS,80638
DAYS,LAST,15764
NAME,JUST,110817
DATA,PAUL,501
MUTE,THAT,1832
IEAN,PAUL,75
OVER,LIST,1412
PELT,THAN,222
PAST,LIME,207
MANY,RBIS,67
TRUE,SAGA,545
SOME,PINE,15914
DIET,WITH,138707
BOTH,TRAM,123
MOVE,VERY,72147
BODY,THAN,141845
EVER,HERE,12567
SUNK,AWAY,6220
BOTH,ORES,818
ONLY,LION,1111
BANG,TOOK,755
JUST,KEEP,407883
EACH,PAIR,730400
ALSO,BIND,30292
TALL,WITH,73645
BACK,SPIN,2299
WORK,UNIT,111987
CRAM,WENT,171
GIVE,LOVE,35472
WERE,THEY,2691192
MAKE,ANTS,216
FIND,HIDE,993
ALSO,WERE,877728
PLAY,RIOT,66
FROM,WHOM,2622997
EYES,WERE,3723277
BOOT,FULL,1231
STAR,COME,1953
BLUE,STAR,53520
EARS,FROM,59432
SAME,FEAT,11659
DONE,THIS,1116476
IONS,INTO,56668
NICE,CRIB,238
DONE,THAT,1020271
THAN,REAL,352292
TREE,KEAN,66
UNTO,HERS,403
RIVE,RISE,164
FDDI,NICS,77
JURY,WERE,80980
COST,GOAL,1816
BORN,NINE,6949
DECK,SHIP,2189
TOWN,TYPE,2497
DEEP,DROP,2721
TION,NAME,183
BESS,TAKE,86
KEEL,LINE,3468
BOIL,LIVE,148
FROM,JULY,460343
BOER,CAMP,3146
SOME,UPON,18712
UPON,THEM,6180697
LIKE,THEM,1490069
THEN,YOUR,380431
SAYS,THAT,8765571
KEEP,THAT,418027
TAIL,WIND,11679
ROOT,AWAY,1016
BIOS,CODE,2551
WELL,WHEN,439149
WAIF,HOME,119
MORE,JUST,294152
MAIN,FLOW,46104
DEBT,OVER,18163
TAKE,LONG,502276
LIKE,WHEN,435420
TERM,BEAD,67
BASE,PORT,3056
SUNT,DUAS,68
JEFF,CARR,596
THEN,CARE,10272
BOOK,MING,52
TOMB,HATH,295
CAMP,SOME,11911
JULY,OVER,3085
LEAN,BACK,92471
HOOK,WILL,12074
MORL,POLL,75
NORA,DEAR,1202
FIND,HUCK,269
BROW,INTO,3556
WHEN,RODS,1381
TELL,BOYD,210
PUTS,MANY,6784
ESSE,WERE,247
FULL,FLOW,39160
THAT,LAST,1036192
DOWN,DEAR,690
THAT,MARK,446133
MANY,FURS,3686
CASE,WAVE,353
POOR,WHOM,8486
LEFT,DOOR,10701
DOTH,BODE,80
ROOM,THAN,87467
WORK,OWNS,460
DEAD,AWAY,23553
ATHE,TERM,237
HANS,HUTH,1758
THAT,AIMS,130986
WHAT,VERB,4141
TRIO,THAT,10842
MIND,TALK,1463
GODS,FLED,944
TOUT,RANG,168
CROW,WITH,11587
FISH,CAME,23749
HIGH,WIGS,240
HIGH,PEAT,840
LIMB,FROM,81906
KNOW,BEST,172299
AXES,THAT,23799
LONG,MIND,251
SKIN,MEAT,337
SMDS,USES,236
NAME,LOIS,187
GINA,TOOK,1779
FALL,WENT,2238
THEY,BOTH,2874490
DULL,RACE,1362
OMER,TOOK,230
YEAR,GWEN,45
SKIN,GLOW,2597
LIFE,SAYS,6908
NICK,GAVE,5457
WITH,MACE,7980
FREE,FROM,7263232
FAKE,BAND,98
WILL,HEAR,703743
WHEN,REES,882
FUND,BOOK,1975
COME,DOWN,3384992
KNEW,NOAH,483
SAME,FORM,620413
FAME,YEAR,20088
SUCH,LIKO,60
GIFT,ONCE,2113
TAKE,KATY,495
YARD,WORK,38955
FROM,FUND,12742
TOMB,PART,88
YUAN,SHIH,93830
WARY,LOOK,11580
BACK,SUIT,254
BARE,RISE,200
MAIN,MUCH,699
MARS,WILL,16114
PAID,FARE,672
INTO,BREN,100
SEEN,MISS,22327
HALF,CALF,49837
INTA,TOWN,350
NOSE,THEN,2870
SEHR,SICH,510
THEN,THAN,114128
LOLA,FELT,578
FISH,GELS,105
BUDS,EACH,1883
IPOD,HARD,244
TRAS,ELLA,455
THEN,ROSE,192321
CHOU,CHIN,1241
TOSI,SAID,220
LUNG,SCAN,19873
JACK,SHIT,3056
LEAD,THRO,295
LAYS,MORE,10667
FOOT,AVON,82
PUMP,WAVE,7582
ALSO,LEAF,2198
FINE,TAPE,291
HOLT,TOLD,1532
PLAY,GOAL,1502
POLE,PAST,180
DEAL,SUCH,3191
BASE,YOUR,79983
UOUS,THAN,56
SAME,LIES,3654
REZA,CAWN,1692
MAIN,CROP,60014
DATA,VERY,17695
ASHY,HEAP,136
YOUR,FOOT,267762
YOKE,THEY,4807
WITH,LIDS,29105
SEEN,WERE,64520
FOOT,BACK,36553
HEAD,COOL,7593
LIFE,CAMP,1122
THAT,OWED,37931
WILL,TILE,1275
SEEN,ADAM,2083
FROM,MOAB,7388
DROP,WIRE,6102
THAN,SARA,2713
HEAR,THAT,1742137
LAWN,NEAR,4980
CELL,LINE,429526
LINZ,ALSO,180
TAIL,WING,1123
IRON,DRIP,121
YOUR,JOLT,89
JOHN,EMIL,705
DONE,MORE,685871
MORE,RIFE,7000
SHAL,LAST,47
THEM,PILE,2564
ARCH,WHEN,4894
WEAR,GILT,415
WILY,ARTS,1442
EACH,DYAD,8698
THEY,COPY,19807
LISA,BUCK,109
WITH,HERE,355564
TINY,TOWN,35834
GOOD,HAIL,269
FIRN,SNOW,586
ROAD,BIKE,6434
PART,DOSE,129
SKIN,CURL,89
LOST,BIRD,4700
OVER,ONCE,63662
JANG,SHAH,335
THAT,VERY,3719266
BATH,PUVA,642
WITH,MASC,139
MAMA,KING,1258
EACH,LOST,19896
LOSE,MORE,112062
NONE,HAVE,199631
SOME,YARB,60
TIME,POOR,9652
JOHN,WASH,489
HELP,MASK,2121
WILL,PROW,153
SAME,MIND,157800
ANNA,BOND,126
BIND,WITH,54665
NEXT,INTO,14748
EVEN,SOME,890082
THAT,GIVE,991232
THIS,DOWN,162916
MEMO,FROM,82174
GRAY,MOSS,8892
INTO,THIS,5158341
KATE,ROSE,2475
NAME,FORM,8952
LINE,POEM,22077
OUDH,UPON,127
MOON,PONY,150
COLD,OVER,8556
TIDY,COOK,119
DIES,HARD,30587
NACL,UPON,192
WILL,BEAR,778880
WITH,AXES,87435
KUEI,YUNG,110
FROM,ARMY,63700
MILL,WARD,1058
ETRE,PLUS,5411
EACH,OVEN,4629
UNIT,FROM,120434
HOLD,MANY,37794
SAFE,PART,2920
PUTS,THIS,76311
YEAR,FROM,973355
DRAG,DATA,3490
MORE,TIME,3380939
MORE,THAN,117695865
KNEE,OPEN,557
FIVE,FACT,325
SORT,THAT,382671
DROP,UPON,25482
LINE,PLOT,17537
HEAT,RASH,10416
WRIT,FROM,12809
ROAD,DIRT,3476
OWNE,HOUS,260
EACH,CRIB,1356
MISS,HAKE,168
OBED,FROM,59
THAT,SHEE,16432
HAND,OVER,1547353
WERE,SMOK,68
DEAD,LOSS,31289
DEEP,COMA,25673
SUMP,TUBE,2092
WORK,HUMS,48
CODE,HEAD,262
EACH,CASE,3597722
ETRE,RECU,190
BOTH,TEAM,6359
MADE,GAIA,172
THEM,DOWN,2028408
GREY,SOIL,4392
CASH,FARE,3593
MARK,WIRE,47
GEAR,WILL,15640
MUCH,TIME,3084801
THAT,ACTH,9958
FUZE,WIRE,80
DEAD,PORK,106
TION,DOES,4655
MAYA,JADE,553
WERE,SICK,221142
THAT,HOLD,375834
MORE,REAL,574628
NULL,THEN,6741
MUSE,SING,164
ROCK,GAME,455
MORA,THEN,348
TEXT,DATA,37533
BODY,TAPS,187
BUNS,THAT,1999
LOBE,BOTH,188
JANE,SHOE,45
DIES,BACK,6758
PAST,BELT,42
VOTE,SUCH,5866
THEY,THUS,387888
THAT,FALL,691181
DICK,REES,96
RODE,FROM,48536
FROM,BELL,35773
LIMA,HAVE,1581
LINN,CAME,263
WHAT,USED,218906
JARS,HOME,144
ZONE,DONT,116
THEY,BLED,19858
JUAN,THAT,7317
LORD,SAID,301337
WHAT,BETH,3496
BOTH,VAST,3272
RISK,WITH,116555
PCWP,LESS,51
FORM,FORT,208
AWAY,TURN,538
DONE,FULL,12344
HAVE,HERE,1223911
LONG,HIND,10896
DATA,WERE,1592794
TELL,MARY,17616
EVIL,LEAD,442
JUST,SUCH,1134234
DOLE,MORE,183
LIKE,FORD,16967
MADE,PART,164207
PART,FIRM,490
RITA,DOVE,10163
FEEN,FOME,211
THIS,WINE,82413
UNIT,MUST,74281
KIND,ARMS,2440
FALL,WILL,33040
BOER,PUTS,43
MUCH,ABLE,2635
THAN,READ,51020
UNDO,DATA,1482
VALE,RAIL,202
ONLY,MORO,120
CRUM,WITH,105
ROMA,BOTH,52
HOLE,SAID,671
ARTS,MOST,3102
SOFA,FIVE,48
JOHN,HULM,82
DSSS,THAT,298
WITH,THAR,755
THAT,WENT,1527711
FROM,GURU,8178
KISS,IVAN,45
TIPS,TEND,577
LAWS,FADE,57
SORE,LINE,106
SHOW,UPON,13563
KEEL,OVER,18594
MARY,CLAY,2887
SENT,AWAY,423579
FAST,SEEM,181
VIEW,WITH,398362
TORN,MASS,243
GROW,THEY,15626
MOTS,SONT,2490
WENT,HANG,158
TUNG,YUAN,5640
VERY,BOLD,92393
PLUS,LETS,231
PLAY,JEST,51
HOPI,GIVE,46
JESS,ROTH,146
HILL,MASS,4744
CHOU,CLAN,304
OATH,WHAT,3104
WITH,RAIN,259343
NOUR,UPON,40
GIRL,DREW,10252
FROM,CUBA,196282
SUCH,WITH,41235
REAL,COMB,155
LAYD,UPON,1767
VIEW,MUST,65775
MEND,WHAT,4714
LINE,COLD,1093
FROM,COPE,2886
EACH,WORE,18235
BACK,TICK,119
JELL,LIKE,63
BOAT,FUEL,816
WERE,SPIT,2045
TIME,THEY,4371883
AWOL,FROM,4405
MOST,SONS,4060
FADS,SUCH,1183
EVEN,EDEN,1277
SENT,WORD,363944
THEY,LEFT,2286368
THAT,CUTE,21266
YOUR,PORT,14996
WILL,PEAL,919
EDIT,PAGE,6826
BURN,SOME,15963
KING,SAID,240350
NUDE,BODY,30319
TROY,READ,194
SUFI,FOLK,208
FROM,PILL,1365
BURN,TEAM,1933
SHIP,NAME,3448
ACTS,BEEN,1661
HARD,WOOD,145903
THAN,KICK,1449
ARMY,HEAD,5165
RARE,SOUL,3212
BELT,TYPE,4212
HALF,PAGE,26507
LOST,TILL,3737
BIKE,TOUR,4139
SAME,RENT,14064
WERE,BORN,2045130
SOIL,LINE,10951
DISC,LIES,1097
FOLK,SONG,201046
CLAY,OVER,10399
FLUX,TURN,54
MUST,COME,1803762
COST,HITS,65
BOOM,ENDS,1311
GITS,JUST,46
MIMI,WERE,1490
PROS,LIKE,2246
GLYN,CAME,176
SONG,GAVE,2633
OGUN,OGUN,207
DEAL,WITH,16189810
DEAD,MUCH,1184
USED,TERM,41420
THEM,PAYS,2926
RICH,BODY,21426
SUCH,ENVY,4341
WADE,SAID,16725
WHEN,WAYS,2123
VEDA,UPON,71
KATY,INTO,509
AXIS,BARS,260
WITH,HOME,209346
PAIR,READ,656
TRUE,SOFT,712
MARK,UPON,134973
HELD,ANNA,801
MINE,WORK,7481
BOSS,FACE,259
FAST,PONY,845
GAZE,BENT,1976
WHEN,COIL,2167
MORE,CLUB,3889
DUTY,WELL,26200
PULL,EACH,12844
ACME,CODE,286
RICO,FROM,11228
ALSO,THAT,4365979
THIS,EDGE,58243
NOAH,LIVE,141
WIRE,KNOT,156
FAME,THAT,67658
HALL,GLOW,78
SOIL,TYPE,166809
EVER,ROSE,15267
CLAY,LESS,1060
LOOK,AWAY,251456
LONG,WEAK,2220
EARS,THEY,10817
JASS,BAND,2234
DAMP,RAIL,108
BACK,TILL,72584
INTE,TION,84
NUNC,ERIT,173
EVIL,HAVE,26896
KEEN,EYES,90459
WITH,BOYS,237172
DICH,HOCH,53
SLOW,ARTS,384
MICS,THAN,151
NAGA,WITH,928
SUCH,TOMB,1078
BOOK,AMOS,156
BEDS,THEY,9978
FOOT,THAT,76704
GREY,WILL,6056
DAME,EDNA,6263
PURE,FUSS,68
MASS,CARD,1545
PARS,QUAE,643
HAVE,MADE,12636808
BULB,WERE,3044
THAT,FOIA,964
PRAY,YOUR,43215
ASIA,THAT,65080
HAEC,ENIM,4882
KNEW,ABLE,68
DROP,MEAN,137
WILL,LEAD,2208003
SHEW,THEM,46335
RISK,FROM,217737
RAKE,WHEN,865
BRED,UPON,4965
CHAN,HENG,3807
ROSY,GRAY,510
NOSE,SLIT,3600
FAST,BULK,305
AJIT,SING,593
OHIO,ALSO,4049
CROP,PEAS,118
LAKE,PIER,144
CASE,LOAD,49229
FUST,TIME,5469
SAME,PACE,64576
WILL,ONLY,2748412
SHAM,RTMS,288
KANG,CHAN,59
YOUR,WYLL,224
JOYS,WITH,8626
BOYS,FROM,326701
FROM,ISLA,5337
GLEN,ROCK,11994
EYES,WITH,832098
WARR,DIED,63
RAID,GAVE,796
MADE,FEEL,1470
FINO,WITH,179
WITH,LVAN,201
BELT,WHEN,12514
GUNS,OVER,14513
OVER,LACK,7518
SAYS,TITA,872
HARD,WANT,255
HIDE,THEM,140609
WITH,ESSO,2215
ODOR,WITH,10512
FROM,EACH,6917340
GAPS,FORM,768
SHOW,DOLL,76
EACH,POSY,68
FROM,WHAT,6304806
THEY,OBEY,88275
BOTH,TITO,1041
BIRD,WITH,182714
KNEE,PAIN,46657
RISE,PLUS,716
ANNE,WENT,14137
PINE,TYPE,7049
TURN,BEEN,31381
MISS,BOYD,6948
NEXT,LINE,261726
MINE,WARS,1299
KELP,BEDS,18860
LEFT,MARY,8035
EVEN,BEEN,793671
AGES,MOST,5476
JFEW,YORK,692
ITEM,RANK,587
TURF,BANK,1297
TOIL,DONE,232
SABA,WERE,915
THEE,HEAR,1677
RICH,FLOW,4591
KEEP,WINE,1695
RUDE,DEAL,144
LOSE,TIME,61536
NEAT,FILE,473
SOON,TURN,37790
TOOL,AIMS,342
FLEW,FAST,5497
CALL,ADAM,2345
VERS,USED,69
TAKE,SEED,2053
FIND,WIDE,19980
DONG,OVER,128
FALL,ADAM,1429
KAZI,WILL,137
NINE,JOIN,45
KEEN,WILD,171
YOUR,BANK,181543
FAST,EXIT,2809
PEAT,JUST,197
BEET,PULP,26084
THAT,WOTS,61
YOUR,LIFE,5264309
FOLK,THAT,39950
SAME,WITH,1255216
PLUS,STAY,83
FROM,LANZ,319
ARCH,ORAL,15657
CALL,SOME,41069
INTO,DANK,805
WERE,SOLD,1176167
ONLY,CLAD,987
BURP,YOUR,790
KAYE,ONLY,56
FROM,NENE,270
EVEN,RUNS,4131
WAGE,JOBS,44391
KOHL,SOON,54
FATE,FORM,227
MOVE,WEST,40132
XXII,WHAT,647
THAN,SEND,25356
WORD,SATI,597
READ,PART,32422
PLAY,WENT,16609
TIME,RUTH,3985
WERE,SENT,3307726
THAT,NEED,1428870
DOWN,GAIT,225
JUST,LONG,186073
DATA,LIST,42626
TEST,YOUR,306871
POMP,TILL,64
TRUE,BUGS,11805
CORE,GENE,1132
WERE,FILM,3254
BLUE,THAT,58669
DARK,WAVY,8302
KEEP,THEM,2915776
REST,PLAY,710
INTO,JAIL,80928
OVER,ADAH,90
SEEM,DEAD,6294
WHEN,THEN,38455
RATE,BLUE,404
POOL,NEAR,12400
WITH,FORM,137964
MORE,FALL,6960
THAT,THIF,162
MAEL,SAID,253
THIS,PIER,12271
WAYS,APES,44
GRIP,THAT,37139
THIS,ROLE,820738
EAST,GUDE,87
BONE,FIDE,2693
OVER,SWIM,88
MEAN,LUNG,1488
REED,MARY,121
HYMN,THAN,1165
SOME,WAYS,1655037
TORN,EACH,1519
TRAN,NHAN,784
DATE,LEFT,3734
CULT,ITEM,576
LIKE,WERE,49543
WITH,SUSO,413
WALD,TOLD,231
MALE,HELP,3438
OOZE,ALSO,92
THEY,KNEW,3965764
MORE,BANS,189
KICK,FROM,29236
KADI,THAT,254
FULL,OVER,6432
ICON,NOTE,94
WITH,ILEX,1750
LOST,WERE,24226
LOST,ANNA,355
HERE,MINE,882
KNEE,HILL,164
ANNE,MADE,8156
GIVE,MISS,13127
YEAR,PLAN,1283251
DENY,THIS,219180
DOTH,THEM,4641
GOOD,LIFT,3090
WORK,BEAR,3729
WIRE,UPON,5253
TIME,USER,9501
MILE,BEAM,87
CART,FROM,19720
WERE,SLUM,891
HARD,BALL,17075
IDLE,PART,2598
ONLY,FOGS,164
ABBE,WENT,1275
OILY,HALF,89
TELL,PAPA,14345
WILL,FORM,744575
FLED,THAT,7230
FORM,UREA,3655
WOKE,FULL,328
SENT,DOWN,510707
MDER,SUCH,47
LAVA,WAVE,121
YOUR,BAIL,4694
DEER,KIND,3151
WERE,HALF,308264
EDIT,TYPE,1381
ADAM,WENT,9151
OPEN,CAST,12709
THEM,INTO,7036591
THUS,VOWS,177
EYES,FROM,617461
EXAM,VARY,42
JING,LING,177
ERGO,BONI,46
TAKE,HIGH,25282
LIKE,GOOD,171032
ONCE,BATS,41
MEAN,VEDA,49
VOUS,VOIR,9520
FLOR,BAJA,62
ONLY,MAKE,610283
FROM,ROUS,1569
GIVE,AWAY,506751
FLOW,WILL,119468
WERE,CAST,408352
UTAH,UTAH,6241
MIND,KEPT,36116
ALEC,INTO,497
LOVE,THRO,288
WERE,GEMS,2932
RAVS,WERE,86
WERE,THIS,278269
GOOD,RAPS,188
TELL,WHAT,998942
LIKE,RATS,53750
KIDS,SOON,1336
YOUR,KIND,449967
MAMA,SAYS,27420
VEIN,SITE,594
READ,THAT,1006611
DAMN,SLOT,40
WILL,HAVE,24148596
LINE,BUSY,2302
HAVE,HULL,490
MAIN,PEUT,138
THIS,CALL,275785
THAT,LILL,246
WOVE,AWAY,151
GENE,POOL,148735
PLOT,PLAN,18821
CARD,UPON,9227
WITH,ANEW,2046
USED,BEER,1182
CAMP,HAVE,11535
WHEN,WORK,172142
POOR,SICK,30101
THAT,ARLA,204
BLOW,DEEP,325
OVER,THEM,2621262
MORE,WENT,27396
KEEP,YOUR,2224017
OLGA,SAID,7427
EVEN,TOOK,152272
IRON,AMID,107
HAWK,LAKE,1674
BOOK,FORM,346116
SEES,GREG,61
MORE,MUST,131536
MAKE,HANG,167
CARD,ALSO,10375
POOR,BALD,916
PLUS,LINE,4644
SOME,DAMN,26725
WORK,BOOK,16287
FROM,RAGS,24402
WITH,AAUW,71
BIKE,HIKE,616
REAL,PIMP,226
DEAR,ROSE,8114
GOOD,LOOK,361879
URNS,THAT,3738
JOWL,OVER,97
TOLD,THEM,3832935
SAID,TULA,181
FORE,JEER,166
WELL,TEST,9574
RODE,AWAY,193640
MOST,PART,6773244
GIVE,RANK,1292
ELLS,FROM,1136
CLAY,MORE,3462
BIKE,BACK,5588
HUGE,HOLE,18866
FORE,LIKE,384
ANTE,PIOS,62
BEAD,CAPS,482
SENT,FIVE,26885
PRAY,THIS,26891
SAID,DEED,34259
FEAR,CAST,891
LEAF,TREE,1951
JOIN,FIRE,134
LINE,SOME,18395
FORD,GAVE,6502
SEIN,DOES,213
KNOW,MUCH,509916
WOOF,SOME,41
CITY,SEND,1402
WITH,QING,1604
LEAD,SHOT,30888
FULL,THAN,15082
THIS,TIME,31888879
TAWY,WILL,44
MAIN,RIFF,568
DARK,NEXT,1436
AUNT,THEN,2032
OPEN,ELSE,95
DOCH,OHNE,1263
RUTH,DUCK,371
THIS,CASE,20208343
POOR,AXEL,69
BAND,CALL,1037
BEEN,LADY,8135
THIS,BIRD,414042
FIRE,MAPS,597
WITH,MEWS,264
FEET,MERE,103
CURE,FOUL,44
WELL,STAY,28844
THEN,AMIR,816
MUST,HARE,11131
ANGE,WENT,127
BERT,ROSE,527
WITH,ANET,163
BAYS,BURN,47
TIDE,PLAY,286
LAWS,OVER,19370
HERE,ONLY,509341
WIDE,THAN,9303
LEFT,SLAB,302
WEAR,FULL,8474
BARR,AMES,2927
THAN,MAIN,10803
FAST,UPON,43802
SUIS,SUNT,119
VAST,DIAL,181
GARM,TOOK,48
FROM,RELA,248
MEAD,AREA,685
PLAY,INTO,131146
ROOM,AWAY,14082
ENIM,SUNT,5844
FACE,GAVE,29286
WITH,PUNI,59
MILK,FELT,105
WEED,FELT,220
HERO,KNEW,1598
GIRL,LOSE,583
CONE,SEEN,317
WURM,ALSO,92
WITH,THEM,22460559
SUED,REED,84
WALK,SOME,13910
CASE,BODY,1235
ALSO,SUIT,5024
LADD,MADE,369
MIND,OVER,133612
JULY,WERE,19236
HAVE,FELT,2231183
EVER,SANG,8833
FROM,FIVE,817284
TINY,OWLS,231
HUGE,RUIN,1032
THAT,SCAR,22087
RUNS,OVER,132372
WELL,PAST,150894
YOUR,DUTY,458988
HAVE,JOBS,80246
WHEN,CAST,30769
HAND,FROM,519287
THAN,YOUR,824138
EVER,WORN,22054
CAPO,VERD,43
VIEW,CELL,1544
MASK,MUST,7828
TONS,WERE,97822
THAN,ERIC,3640
THEN,TAKE,784557
TOOK,PREP,53
FUEL,LIFT,589
HALL,USED,9507
CODE,WERE,42577
WALL,HALF,2491
TRAP,NEST,1777
PAST,WARS,25200
DIED,JULY,97553
ROSS,FELD,352
VERY,DULL,150354
GETS,VERY,82542
TYPE,FACE,35861
MUST,FELL,1269
YORK,FANS,2949
NEST,TAKE,269
WELL,FACE,19203
MUST,ROLL,14480
GRAY,OOZE,912
LION,BAIT,382
MAKE,FIVE,57180
SOME,GUNS,35789
FOUR,CLAN,594
LEAR,WITH,6623
THEY,COUL,564
LYNN,INTO,720
THIS,FIRE,193506
RICO,PORT,111
BOOK,DEBT,4725
CITE,RISK,55
SOME,TIME,14478711
BORI,WERE,73
FOAM,OVER,8024
GOLF,CARD,298
WELL,DASH,173
ACAD,EMIC,107
BOYS,CLAP,160
UPON,EAOH,141
HILL,THAT,147366
PORK,STIR,924
KEPT,FAIR,1500
JEWS,WITH,110046
PAGE,COLD,159
CLAY,KNEW,4066
CARE,YOUR,8049
CHIH,HAVE,139
FANS,HIGH,222
ALSO,MANY,534375
OTIS,ROSE,276
THAT,GIFT,103500
WELD,OVER,554
GAVE,JOSE,675
WITH,WHOM,7834714
MAIN,ITEM,28395
WILL,JIND,281
ACTS,DEAL,1325
BEKR,TOOK,85
ASIA,HOPE,76
THAT,ONIS,635
DEAR,ALGY,895
COME,LACK,284
LOWS,OVER,1387
WADE,OVAL,237
PASS,WELL,8222
FETS,WITH,2065
HAVE,JUST,4054726
PEAK,STAR,54
TIME,MADE,226449
THEY,GROW,967979
MTJS,WITH,137
WITH,ANKE,218
WASH,FROM,24969
NEWS,SUCH,4734
ROOF,FILL,303
THIS,ROOM,1180690
ONES,HERE,28021
ALSO,IVES,376
RASH,DIED,51
REAL,HULL,145
TAKE,SOAP,780
LORD,STOP,269
DEAR,KING,8691
HUGE,SETS,1572
BEES,FORM,1234
BARE,ROPE,63
LIKE,BRER,2345
WIND,WITH,87886
HIGH,BULK,10041
MORE,FEET,69585
FIVE,ACTS,92467
LIVE,NITS,78
PURE,EYES,9870
BULL,NEXT,395
PAIN,WITH,224360
LUCY,FELL,1237
JOHN,REED,87499
HEAD,ALSO,30110
SHOW,THAT,16539054
PRAY,TELL,92430
WIND,ROSE,53168
FEED,THIS,30961
TEAM,FELT,11601
WELL,SWAP,61
COAL,SIDE,303
WITH,EACH,10652561
UPON,FROM,69413
FIVE,WIRE,1372
NOTE,FROM,678388
NAMA,HOTI,88
ROSE,IROM,112
FAKE,OWLS,94
INTO,NINE,122906
TIDE,DOWN,2264
HAYE,SEEN,780
JUNE,BORE,143
HOLT,CAME,1783
PETR,GINZ,389
HAGS,FULL,54
TOOK,EACH,52427
EVEN,NEON,273
ELSE,BIND,134
SOME,USES,60438
HELL,FROM,26024
THUS,ALSO,303474
MISS,ORAM,265
USED,SPAN,167
DOWN,RACE,1672
SHOT,PLAY,449
EACH,ARCH,22711
CURE,TIME,11639
EDEN,DREW,483
BUCH,KANN,506
HERE,OURS,136
STAR,HELP,104
THAT,LAND,837544
ROPE,KEPT,918
OVER,ROWS,4868
KEEN,WAYS,52
USED,MORE,563309
CYAN,BLUE,2122
THAT,GABE,5633
KEEP,UPON,10325
SHRI,RANG,355
HARD,THAN,15990
FATE,ADDS,124
LEAD,KATE,179
ROSE,MARY,25107
THAN,AREA,8385
GONE,WILL,6598
SEEN,MANY,358250
THEY,TALK,582535
DYKE,ALSO,655
WEEP,WHEN,24866
CODE,SEAL,2323
TERM,WABI,108
SANG,FROM,19225
HERE,WITH,1933405
MAKE,KUHN,106
WITH,NAHA,97
TELL,RHYS,126
ARMS,HIGH,18008
IRON,NEAR,4794
DUCK,FEET,2094
YORK,FILM,20058
WITH,AMIS,1590
THEY,BABY,1048
SAME,KIND,2318465
GROW,UGLY,1474
STEM,FROM,883666
PLUM,SILK,461
DATE,WITH,434577
TRIP,NEAR,1853
VERY,TAUT,3677
WARS,HEAT,135
SULD,MUNT,41
CASH,SUMS,2623
MILE,HIKE,23150
RISE,INTO,134391
WOOD,THUS,3245
JUST,HOMO,207
THAT,NASA,28108
MEET,EACH,164312
LIVE,AMID,13276
BASS,FROM,12872
WORK,HOUR,6613
WHEN,RAIN,56681
VARY,WITH,1310352
JUST,MADE,496649
LOON,HAVE,207
SHUT,DOWN,1044632
LOSE,WHAT,61780
SHOW,RATE,2374
MADE,FAST,177168
UNIV,FISH,85
FOUR,ROPE,816
DATA,SILO,92
HEAT,FLOW,370548
JUST,GOOD,81023
BALD,ALSO,213
SOUL,DOES,64624
HURT,REAL,4280
INTO,DAVE,2917
CROW,JOHN,143
DART,DRUG,930
SUCH,ODDS,30356
CANE,FIJI,67
WHAT,EDNA,1559
GAVE,STAN,642
WEAR,FAST,463
WITH,ONLY,5229370
BULK,LEAD,452
NAYA,GAON,225
JUST,ABLE,52249
THAT,IGWE,122
WILL,ANNA,564
RARE,PLAY,891
THIS,MINX,624
SOIL,PAYS,150
NERS,FROM,201
GIRL,DEAD,2776
VAIN,HAVE,17587
DATA,SAME,1307
NEED,TELL,8853
BUMP,THEY,472
JAIL,GREW,144
DARE,FARE,103
ACID,DOES,40436
BEAR,THAT,197084
ITEM,BANK,7007
UPON,THAR,61
SUCH,HARD,69291
WERE,GRAB,255
LOST,MORE,174715
BODY,ODOR,48861
FINE,GATE,1269
EVEN,DAME,752
SAID,OVER,155908
WITH,TOYS,78881
ZARA,SAID,1871
ALLE,ARMI,475
WAYS,GOOD,2281
THIS,GAIT,8958
MILK,EACH,9674
ONCE,MORE,10441283
FRED,LANG,342
PREY,SEEN,194
MOST,WERE,599812
THAT,DEAD,100546
THAT,WEST,130100
MILE,INTO,23349
VIII,PACE,159
LANE,DIRT,2502
TELL,FAYE,280
WHEN,PUSH,23152
SNAP,BACK,31661
COPE,THAN,1564
PINS,MADE,3867
USER,FEES,84778
THIS,TURN,187519
REST,THEM,18784
CREW,HAND,430
BANK,WALL,1655
HOUR,THAN,49811
THIS,BENT,13119
KING,JOIN,493
TIME,KNIT,377
FROM,ANTE,2858
GONE,LONG,49400
FAIR,SKIN,72373
NOLO,ESSE,69
DOME,RING,299
WITH,ASCE,510
WIND,PICK,922
CAMP,POPE,739
IAIN,DOWN,433
WHAT,KEPT,77984
ROLL,WORN,159
SONG,RISE,579
EXIT,POLL,20822
MEET,IVAN,468
NIUE,COOK,54
FIRM,WILL,300600
WERE,LYON,326
SLOW,LATE,257
BEEN,FORE,2457
SOLE,KING,13451
PALE,SEAL,303
MENT,KNEW,144
LEND,HIGH,274
BRAG,THUS,201
WITH,MORE,7730213
THOU,SOME,3420
VEST,OVER,8769
WALK,INTO,483453
WITH,YHVH,275
SUCH,DATA,548956
EVEN,PUSH,7696
NUDE,CULT,60
LORE,THAN,6841
BOND,WENT,2488
JUMP,OVER,131060
OPEN,POOL,3442
SUCH,VAST,141077
LAST,HOWE,218
COIN,TYPE,6878
EACH,RAIL,14457
CAKE,LAST,738
SOME,FROM,368321
BOYS,CLUB,21344
AMOR,FROM,322
SCOM,WITH,58
SITE,THEM,1468
RANK,THEY,18342
WHEN,JILL,10040
FLAT,WHEN,30154
ONLY,JUST,1197690
AXIS,WIRE,139
HEAD,LOSS,70226
THAT,CLAW,1914
LOST,LOVE,80299
BOSE,JUST,55
THAT,SAFE,45484
MAIN,MASH,968
EYES,OVER,91851
PORT,DIED,109
POPE,TOOK,16857
GREY,BIRD,6414
ROME,THEY,21997
TRIP,HOME,89664
UNIT,MOST,5778
NICE,LEAD,552
HIRE,SHOP,1083
LIDS,LIKE,2085
GODS,WORD,12976
TROM,FORM,97
GRIM,THAT,4497
SAID,FISK,933
THEY,KEPT,1090851
THAT,THOU,1414826
BOTH,BLUM,334
ANTS,GAVE,256
CUES,LIKE,3610
TUBE,TIME,940
SLOW,DAWN,1613
GRID,WAVE,217
HAND,LIFT,3814
BREV,TILL,1865
TILL,NEXT,127498
TILL,THAT,243109
DEUX,VOIX,1327
THAT,EACH,7314492
MAYA,ARCH,648
WITH,CALF,19846
THEN,MUST,251557
EVER,SEEN,2660098
HAVE,PEEN,895
WHAT,BOSS,1115
FEAR,SELF,1065
BENT,DOWN,515609
UPON,BOLD,1320
MARK,COLE,584
ARMY,WITH,330991
ONLY,DOGS,9752
DOOM,WITH,9661
COPY,EDIT,2708
ROAD,SUCH,2923
BUFF,JARS,92
KNOW,BOTH,86304
WITH,GEDE,79
SOME,GAIN,28182
MILL,BEST,119
COPY,BACK,5578
MARY,MISS,2057
PALE,FACE,286883
GREY,HAIR,156982
FACT,SORT,2025
LING,THEM,617
DAMP,MOOR,87
CAME,KARL,405
BEST,AGES,6358
BOTH,LOAD,6346
VINE,DOES,2668
WILL,CHEW,8221
FILM,FROM,116219
WEST,WING,122985
PAST,NEAR,1311
SCSI,RAID,526
BOLD,CROW,112
FREE,SUIT,523
TUAN,HAJI,2153
THAN,RICK,1892
WIFE,IRMA,515
ALTA,SAYS,186
NEST,RIEN,351
VERN,CAME,314
WINE,PINT,1025
ERIC,THEY,201
CALL,THIS,1226966
SHIT,WHAT,8343
SNAP,RING,32397
FORM,ONTO,4810
ANNA,BELL,1989
WHEN,EBEN,1250
WIND,KILL,48
ITEM,LIST,26011
EACH,TOOK,92586
WIRE,WORM,1905
FROM,RHYS,1838
COOP,NEAR,347
TOWN,JUST,46259
MOON,SAID,12669
FAIN,HANG,84
LIST,STAY,55
WHAT,LOTS,3890
THEM,WEEK,2116
TEEN,FILM,1137
DUTY,MORE,17802
THAT,HAVE,20207011
WITH,VADA,132
FARE,SUCH,6058
SAYS,NOPE,45
JUST,MESS,2782
TIDE,AWAY,1166
BEEN,LATE,58051
LOST,LIIS,148
ALSO,TARN,228
BODY,SCAN,11286
PART,OVER,34729
COLD,TOMB,2812
JEFF,SAID,50477
ENVY,THAT,34765
TIME,FUST,119
WHEN,WERE,93261
EVER,ABLE,64309
MAKE,WIDE,13319
SAXS,DATA,2189
SONY,DATA,353
ATAN,ATAN,79
EACH,GYRE,412
TEET,WIDE,239
MILK,GOES,3845
PRIS,SOUS,484
ROME,MUST,21346
HELP,BURY,3600
THIS,WIND,87621
MOST,HELP,28120
DIAL,WORK,634
WIFE,LEAD,950
FROM,BEDR,201
WITH,DUMB,15900
AWAY,WHAT,112094
ALSO,VIEW,40384
THAN,LINE,30595
FINE,PONY,1035
VOTE,ALSO,7221
WITH,CRNA,517
FREE,FROG,108
BELT,LOOP,10076
NOOR,ALAM,166
ETAT,VERS,56
FITE,HAVE,60
VERY,MUCH,15100504
CARE,KEPT,1275
LOUD,BILL,133
CAVE,ADDS,103
SOME,RDAS,70
MADE,SONS,4164
XNEW,YORK,346
FROM,CORE,45413
THAT,OMOO,279
ESHU,THAT,55
THIS,MILL,78672
ALIA,MANU,869
FROM,PARK,35741
EVEN,ARAB,2425
NAME,DATE,91941
STEP,FIVE,32424
AYUB,MADE,521
GREW,EASY,1014
SAMO,ROOM,45
ELSE,FIND,7733
BODY,COPY,28794
TAXI,THAT,13562
KEEN,THEM,164
SAME,DUAL,7788
YOUR,STEP,69862
THAN,THEN,33883
TEOS,WITH,399
FROM,ATEA,137
FINE,PINE,2480
WITH,ESEM,81
AIDE,SOON,187
SOME,ONES,3111
DEAN,BECK,121
VIEW,TIES,438
LACK,BOTH,34664
MDCT,WILL,78
SAME,MILK,7232
PREY,SEES,95
EVEN,NAZI,2075
PACE,WITH,1016360
SOME,LIPS,1460
THAN,LYON,590
RAIN,MOST,2937
VOLT,RAYS,109
EACH,CASH,11218
DART,OVER,3255
MORE,CASE,22925
SAME,POSE,13321
THIS,WERE,1462206
NECK,LINE,6801
TOWN,IDOL,253
CHEW,SUCH,538
THAT,SHUT,53878
WEST,SWAN,252
BANK,ALSO,54913
FROM,OECD,23584
THIN,NAIL,1324
SOUL,MUST,119296
WORN,FROM,35655
CITE,WITH,4416
WOES,GROW,158
MOST,SUFI,627
WITH,ODOR,5785
OWED,WHEN,2044
FOUR,ADEN,49
FIRM,BASE,45190
AUNT,MAMA,280
TOOL,TIPS,9993
OVER,RIDE,1296
LEGS,WITH,174010
BENT,HIGH,345
EACH,POST,50483
OTIS,GAVE,828
EACH,BABY,22046
NORA,LAID,169
TINY,POOP,136
ALSO,KIND,15048
THAT,OHIO,23098
THAT,MORE,3267759
SOME,CROP,11780
WANT,PAUL,2241
CHIN,PENG,15705
FIND,TIME,281480
MASK,UPON,3390
WIFE,HIRE,118
BOYS,POUR,380
ROBB,SAID,1986
JUST,SALT,1722
VETO,JUST,225
BILL,THIS,18859
LAWS,SAVE,1442
FROM,GORD,163
AGEE,WENT,318
BEEN,LOET,43
SKIS,FREE,492
CASA,THEY,77
FORM,ONLY,210385
WANT,FRED,707
HATH,HALF,941
HOLD,SNAP,188
SEEU,THAT,441
LEFT,DEAN,570
WITH,PRTS,77
THEN,WAST,473
REAL,DUTY,10257
HEEL,MADE,891
ENDS,WILL,37062
FELT,SHUT,4677
MARK,NEXT,22913
FELT,TESS,96
WELL,WITH,3126426
BOAT,VOTE,61
TALE,LIES,2753
GCHQ,CASE,1260
PART,ENDS,7507
LOSS,THAT,271327
WHEN,FLOW,19408
WELL,NEED,26186
TEND,MORE,59596
HOPE,YOUR,176755
OFLE,MANS,78
RICH,KING,5370
FOOD,VERY,11431
FROM,KEEN,5176
SOME,BROW,307
MARY,MAKE,1849
LAWS,MEAN,3901
SAYS,RATS,93
ALTO,MADE,216
ALSO,REST,16434
ONLY,VITO,43
GIRL,MUST,62859
BALE,DOWN,284
BIRD,AWAY,5606
BODY,READ,1233
JOBS,WITH,194614
WHEN,TASS,259
LAND,ONTO,2677
INTO,HASH,1310
FOOL,SAYS,4857
WASH,SALE,12989
WHAT,KIND,4003619
FEET,WERE,578974
WITH,APPN,284
REAL,BAND,2938
THAT,PLAY,368778
SAKE,FELT,65
RATE,WITH,288293
BEST,GIGS,280
POOR,FREE,5080
JUST,FACT,1506
LANE,HEAD,708
ONLY,ITEM,39351
FELL,HACK,1464
DUMB,CANE,3168
THEI,SAME,196
DEEP,ENOW,63
WHEN,THTY,298
POLY,CARP,3678
OFTE,TYME,996
BEDS,REST,3600
TONE,THAT,371914
TUNG,LONG,57
TIRE,WHEN,4038
WITH,TIRU,88
PAGE,FREE,2053
THAT,SEEK,252859
KYLE,SAYS,1353
THAI,VIEW,809
TLIE,TIME,3296
BELL,FROM,34796
WITH,GERD,8002
AVOW,THAT,39123
WEEK,PICK,142
ALSO,TRUK,47
EVER,BEEN,3814565
LEFT,IOWA,3463
GUNS,REAL,74
TIES,WELL,521
WEBS,VARY,182
AGED,HAVE,13480
IDEA,TILL,3331
OVER,BODY,31330
JUNE,WITH,40914
MOON,TUGS,156
PLUS,HIGH,9257
MUCH,CANT,2035
MAAD,REDI,62
DAMS,THAT,20286
BEEN,HAIG,242
HOOP,STAR,145
DAYS,WERE,1048933
IRIS,PARK,73
BOTH,AHAD,92
INTL,ARCH,55
GONG,THAT,4079
MONA,LIZA,268
HAVE,DOGS,13562
GIVE,REAL,28121
IRON,KIDS,65
THIS,MADE,1023049
FAST,HAND,1840
TASK,WITH,270959
WERE,SLOW,271274
WITH,REST,79627
DEAR,ALMA,1391
OWNE,TALE,148
MANY,CAME,87583
WANT,SUCH,55853
INCH,STAR,904
OPEN,WORK,33557
DORR,WILL,94
OPEN,ONTO,40936
ONLY,SINK,5740
ALSO,LORD,29335
WEBB,WILL,1752
VEUT,NOUS,1134
MACY,TOOK,392
TUNA,SWIM,351
HURT,YOUR,122906
TAME,AREA,55
THEN,WANT,31169
WIFE,LACI,115
DEBT,WERE,34345
LAST,WAVE,27515
HOUR,POUR,220
BARE,FIST,2680
RUGS,GONE,45
DUAL,CODE,3119
DOOR,SHUT,244487
GODS,LIKE,20885
DOWN,UPON,2056686
SUNG,SINK,1320
SIDE,SPUN,92
THAT,LOAN,43903
THAT,RUNS,750066
LUSH,TIME,171
GOOD,EVEN,72043
TYPE,COOL,165
WILD,BETS,222
TALL,ONES,12424
THAT,EGGS,30490
MULE,BARN,1603
SONS,DEAD,1755
GROW,MUCH,50315
BEEN,MADE,17401217
JOHN,LEON,899
BEEN,HOME,167864
LIFE,AREA,4966
LOSE,THEM,156949
FREE,LIKE,15692
HEEN,LOST,982
PAUL,DALY,313
MOON,HARE,329
DIRE,LACK,1446
BEEN,THAT,1896009
QUOS,MIHI,463
USES,BITS,1092
WEIT,GING,111
THAT,ALMA,10989
GOOD,LIFE,871591
IILL,BOOK,164
LAKE,USED,2963
THAN,SAID,15334
DAMS,LEFT,94
MANN,OVER,250
FITT,THEM,536
HOEY,ALSO,50
TOIL,WENT,874
STEP,ONCE,7469
BARK,MAKE,707
BUMP,MADE,394
EVER,FALL,33313
DOES,WHAT,363696
VERB,FORM,105507
WEAK,AXIS,4359
WHEN,DOPA,202
VASA,HAVE,129
EACH,ZONE,117822
MANY,WAYS,4413557
SMAS,FROM,72
OAKS,HUNG,683
LIKE,ECHO,4312
YEAR,TREK,1544
REMY,TOLD,333
FORM,RIBS,752
SOME,OMIT,1548
BIRD,BACK,6309
VITO,KAPO,110
ADDS,HEFT,69
FORT,FELL,4970
EVEN,IOWA,587
MUCH,EACH,67366
THEN,SEEK,77156
HAVE,READ,2216343
LEUR,ETAT,1834
ADAN,SAYS,121
HARM,MOST,1307
FROM,GICK,66
SAYS,HOLD,766
MANY,EONS,4538
STOP,RAIN,2077
LACY,GRAY,203
THEY,LIKE,1155176
POLE,EVEN,942
WEIR,CAME,609
READ,DIED,826
FINE,LADY,81258
USES,DYES,215
GOOD,SEED,119414
LAWS,THAT,1086122
WEGE,GIBT,73
GIRL,HAVE,22155
THAT,CNTF,471
DEAD,BOSS,392
MORE,HERE,80273
TANK,TRAP,2824
BEEN,BARE,5885
FELT,HART,57
TIAN,WERE,172
HAND,LOOM,22333
LILY,PONS,9936
FIND,LONG,12165
HALF,SEAS,4669
LEFT,PART,71049
FROM,FORD,40493
WORD,NOEL,113
MAIL,TREE,90
EVEN,CEOS,701
WILD,PLAY,3494
PLAY,FAIR,47514
ALSO,FELL,128349
WHEN,VIET,1099
ROLE,HERE,76003
CUBS,LEAD,88
DEEP,LEAF,1194
BEEN,HAVE,6422
ACTH,FROM,5931
LAST,EQUA,77
SPIT,LIKE,2598
DESK,FULL,2461
VERY,WEEK,25359
DEWS,FALL,2767
THEN,WINK,936
MARY,ADYE,123
DIES,FROM,57201
POOR,GENT,189
DIET,DRUG,2649
WORM,MUST,3170
KARL,SHUT,76
THIS,YOUR,236839
INTO,ANTI,21657
TAVY,FROM,42
COME,BARE,587
FELL,ARSE,89
THEY,PURE,1649
MATE,SANG,552
CORN,THIS,4883
FROM,ANTI,65854
FEET,VARY,1060
HALL,BULB,102
SLAM,MADE,136
TRUE,VOID,863
JOBY,SAID,970
GONE,FOUR,9305
LIST,SALT,91
CAME,NEAR,533289
CESS,FROM,1580
TEAM,WHOM,1038
WITH,TOWS,891
NAUK,BSSR,930
COME,NEXT,192816
THAT,FAST,106109
FEET,FOUR,75132
FLAG,SIGN,960
PUMP,LOAD,782
ABER,NOCH,12149
BARS,FROM,40668
REIN,ONLY,939
WITH,WRIT,1646
WHAT,LOOM,169
HURT,QUIT,53
MOCK,BILL,209
DOGS,HUNG,808
DATA,NODE,3432
PATH,WORN,3966
UNIT,FUSE,64
EVIL,SAYS,279
WILD,HOLE,107
THAT,YMIR,156
FORM,PART,826776
FIND,HERE,223567
BROW,ONTO,306
TERM,RATE,60638
LOOK,TAME,3278
MILK,DIET,56855
TEES,LINE,124
STOW,SAYS,4011
ONCE,MADE,450609
SUCH,BLUE,5733
WITH,POOH,1312
THAT,KEPT,646371
FLUX,ROPE,3944
TAIL,TAIL,2320
INTO,IRAQ,35117
PEER,SUCH,114
BURT,JOHN,137
ACTS,FORM,2550
LIKE,SOAK,44
HELP,CREW,417
WILL,BACK,59079
USED,HEMP,751
BETS,FROM,4659
LEFT,HERE,191649
GULT,LAND,149
EARL,GOLZ,432
REEL,CHEZ,470
EVEN,DOES,13792
THIS,WILL,9378073
SUNS,WHEN,710
STEP,MORE,34320
ZION,THIS,371
TYPE,THEY,25753
FAST,CUTS,1379
YOUR,MOOD,65267
LONG,DEAD,146487
THUS,KING,7495
HEAP,WILL,4184
THIS,BILL,1155373
PUTS,BACK,9478
HARD,CLAY,31307
ISVS,WERE,70
FACT,WERE,88255
WITH,NIEO,134
JAZZ,HAVE,3087
THAT,MOST,7650058
FELT,FEET,257
ALSO,THEY,286001
LINE,SNAP,618
RICK,RYAN,133
CITY,JILT,409
BUSY,HEAD,1909
GOOD,HEMP,1225
WERE,BACK,488465
THAT,HBIG,186
VERY,SPIN,109
FROM,STIG,271
PLUS,BILE,329
FORM,FILE,13905
YOUR,ONLY,263939
SAFE,LOAD,30182
ROOM,KNEW,10313
NAME,ROLE,1575
SALE,LEAD,118
THEY,HEAR,598054
TYPE,CARS,2756
SOME,SORT,4247278
FROM,DIRE,8815
MACY,ALSO,234
THAT,SUMS,43153
GAME,DOES,19446
MOST,WHAT,10426
WITS,WILL,3484
PART,BEEN,72660
LEFT,BARE,38680
NAIL,BEDS,18246
KNIT,FACE,133
PITT,EVEN,538
EXIT,FILE,887
WILL,BELL,2328
OECD,TASK,193
SAID,SAME,1166
MEAN,TIME,1278936
BEAR,RULE,22131
THIS,IINE,162
LAST,BOND,5280
DIPS,DOWN,20149
ENDS,THAT,132633
REAL,GEMS,5695
THIS,GROW,2885
AIDS,CARE,23273
FOOD,THAN,161398
LICL,NACL,266
HUSH,MADE,192
FROM,COED,439
SOME,HURT,11026
TYPE,LORD,69
FARM,SIZE,152393
LAST,LIVE,5169
COAT,GIRL,143
VERY,EYES,201023
ONLY,SCSI,329
BANK,ASIA,559
NODE,NAME,12009
SORT,SAID,745
CASE,SALT,479
YEAS,HAVE,208
LORD,MAYO,37467
LIKE,RETE,57
SAME,DRUG,36965
SOME,SITE,10655
HOAR,WENT,343
OPEN,TENT,5445
PLUS,GLUE,145
YANG,CHEN,2183
DOCH,WANN,55
TANK,WITH,119605
HUNT,LONG,1146
GELS,WERE,40469
VERY,ACID,32655
CORE,WICK,179
PINT,THEY,180
VENA,CAVA,646046
LONG,SOUL,1048
NEED,BONE,483
PASS,OVER,1028004
EVER,TOOK,149574
CABS,SPED,85
MALE,THAN,46824
TOPS,CAME,1184
GIFT,FROM,642664
SOON,SENT,33220
DOCK,ROAD,8382
TOLL,FROM,39471
HANG,WHAT,2670
MANA,WENT,80
DANS,TOUT,23818
ALSO,USED,3097062
LORD,HALE,24056
INES,THAT,697
AREA,LACK,935
WHEN,TOSH,214
FINN,MUST,654
OVER,COLL,87
TOUZ,CEUS,93
LUMP,TYPE,103
DARK,MAST,43
ALSO,RISE,45080
THAN,SIVE,1337
SEED,DOWN,3139
HEFT,THAN,349
EVEN,MORE,17084415
SURE,THAT,9905291
LEGS,SAID,1295
TANG,DATE,188
SETS,SAIL,22786
ONLY,GOAT,1450
BEEN,NICK,1996
ESBT,WILL,152
WHEN,LOAD,11861
TREE,LIMB,36907
CLAN,NAME,20749
TRAM,RIDE,6746
HALF,MOAN,1292
ECHO,HILL,704
REAL,MENU,289
WHIP,GAVE,509
CHIN,SETS,51
WILL,EINE,667
MUSL,GIVE,45
SINK,OVER,3596
ADAH,SAID,674
COIT,WITH,148
IRON,FILM,1440
LINK,BODY,615
CELE,GENT,148
REAP,TOWN,89
MUCH,HURT,79276
SUCH,DULL,9467
HAVE,HAIR,32884
FEME,TIME,1212
SAYS,LANE,1253
COMS,HAVE,491
KING,HANS,2762
TURN,ERGA,53
THEN,NEED,84135
SOME,CALL,149140
TENT,FLAP,25252
HOLY,DOME,536
WITH,LUTF,74
TAKE,PUCK,59
THAT,CAGE,16697
AWAY,CALL,590
REEL,UPON,916
HEAR,BOHR,74
TURN,YORK,44
MICA,THEN,87
DEBT,TIES,137
THAN,DATO,65
MASS,NACL,117
TIME,MIDI,358
ROME,PLUS,279
VERY,STAG,123
BEEN,ABLE,8569285
KIDS,ROAM,253
DIEM,LUNE,285
SIZE,LOSE,137
RAPT,AWAY,5326
TOWN,HIGH,9906
VICO,READ,87
THEY,FOOD,833
THAT,DOLL,15072
WARE,WERE,12821
PEAK,RATE,27379
FACT,FILM,420
ELSE,FAIL,4825
CUBE,FILE,682
JUST,TOOK,155301
JADE,USED,581
FINE,PATH,515
STEM,LINE,2878
RICH,AWAY,2254
EPIC,MODE,3114
HAIR,EYES,1245
VERY,KEEN,203319
PINE,ROOM,1461
FOUR,SETS,137466
VLPS,HAVE,341
SIDE,WILL,180830
TUBA,DOWN,55
CARD,CALL,5890
EACH,TIME,4019902
FROM,EGGS,72979
WIFE,ASKS,9826
BLUE,FLAG,47305
LAID,DOWN,5103803
TAKE,POST,30317
LEFT,SUCH,59578
SURE,ALSO,11669
MANY,ACES,1520
GOOD,GIRL,293428
WERE,SURE,507514
CUBS,DIED,255
NORM,THAT,65805
MINE,HEAD,8923
BENT,MICA,210
WANG,CHEN,9998
ARMY,FORM,3694
PAID,PLAN,447
CARE,SAID,1120
CETP,GENE,537
TOOL,WILL,58917
PUMP,WHEN,12417
FAHY,THAT,136
GREG,LONG,294
ASIA,WHOM,530
TOIL,HAVE,4273
MANY,HIGH,198550
ALSO,RASA,192
THEM,FORT,898
BACK,FROM,4546309
TUBE,ACTS,4970
THUS,AGED,557
BEEN,KEPT,1041585
LOVE,LOUD,211
LOOP,ONCE,2673
VAST,MASS,109294
HEAD,COME,11905
EVER,SOAK,98
SESA,WILL,580
WIND,KING,339
LESS,LOOP,167
WHOM,LIFE,54649
SEEM,AGES,575
DEFY,YOUR,5914
THAT,SODA,6425
CASH,ONLY,29150
DODD,MEAD,18469
FALL,SLOW,371
SAID,LEFT,3832
WITH,AJEW,60
HIGH,CAME,2813
TEAM,ROLE,6408
CORN,BACK,1498
THAN,KWAN,123
GUDE,KENS,656
CHIP,EACH,528
RISK,SLOW,76
LEFT,INTO,87212
FARM,WERE,41979
TEAR,THAT,46060
HOOP,SUCH,80
SOUL,INTO,212620
WOOD,FELT,2459
HEAD,TIME,1984
TAKE,SOME,1476004
BILL,SAID,121592
LATE,MIAN,267
WHAT,THEY,23651297
SENT,JACK,3521
FORE,LEGS,56181
THIS,TREE,484784
MINE,WILL,79332
ROSE,ETTA,196
MANY,HAVE,1312668
THAT,CHEN,16083
LOVE,WAYS,801
GIVE,LIER,80
TENT,BOAT,207
LIFE,WERE,780147
DUFY,WENT,69
THEY,EACH,405126
PLAN,LEFT,5096
ROOM,ARMS,59
TOSS,WHAT,885
TIME,DEAD,11038
PAUL,DANA,1869
SENT,BOLD,199
DOWN,FROM,4780371
JUST,FINE,500634
PLAY,CLIP,144
RULE,USED,22805
NOTE,XLII,693
OVEN,DOOR,42844
REED,SHOT,334
SOME,LORE,713
SHOT,THAN,18086
EZRA,SAID,7977
DUAL,WAGE,3141
LIKE,WORK,65728
KNEW,KENT,408
LOOK,WORN,7181
SPIN,INTO,8614
FAIL,EVEN,19962
SOME,DAME,2803
AREA,XIII,204
NESS,SAYS,229
STAY,MORE,33110
CODE,FROM,134472
MEET,FOLK,256
DONE,BOTH,58900
FROM,STYX,529
THAN,PITT,6186
CITY,WELL,18429
SOME,DANK,1580
JUST,SAID,665455
LELP,THEM,65
GARY,LOST,283
MAIL,BACK,9985
SATZ,ODER,218
EVER,GOOD,16418
HAVE,HOLE,550
PEAL,FROM,5156
NOTE,KEPT,621
FARM,DOOR,874
ALSO,FRUS,1688
SUNI,ZONE,66
READ,ARTS,990
THOU,MAKE,37294
TAIL,WHAT,401
MIND,TIME,4679
THEY,COME,3567197
MICH,SEHR,2927
DRIP,INTO,14854
MANY,FOUR,8226
EVER,STAY,8198
OVER,NEST,856
SOON,DOGS,119
THIS,MODE,1075576
THEY,STIR,27851
CREW,INTO,18018
HIGH,GONG,66
CAVE,ROSE,318
PUSH,AJAR,164
MORE,FEAR,54204
MUCH,GRIT,2332
THAT,KIND,2979578
SCAN,DOES,3979
SAME,YEAR,4224551
GIRL,SAFE,1288
JOIN,THEM,814522
BANK,MADE,28572
BASE,LIES,7264
DUAL,SORT,137
HELP,BEES,169
EXIT,TUBE,10982
ACRE,LATE,160
SUSY,THAT,305
WING,LOAD,1315
LONG,TAPS,247
THAT,NERI,963
HALF,TONS,28546
FROM,TRIM,3201
NELL,KNEW,1826
SUIT,WITH,219596
WITH,YOUR,11436222
THAT,LIMN,430
WITH,BIRD,57137
JOHN,WYON,141
FULL,WITH,166631
PAST,DUSK,1894
DOME,JUST,1110
ACTS,HERE,9390
BUYS,SALT,264
BRAY,FELL,50
MAKE,PLEA,710
FILE,FORM,70205
DRUG,DATA,5457
OVER,AMEN,50
FIVE,HENS,3402
FROM,LINE,214441
KIND,CAME,14034
BRED,TEAM,56
BOOK,HERO,4018
TWAS,SUCH,2528
WELL,WAIT,16094
YOUR,TOES,169960
POOR,ANDY,1474
THEM,META,170
JANE,POND,55
HIGH,SPIN,20642
WEBB,PAUL,44
HARD,FOAM,1048
BEST,DISC,285
WERE,DELL,191
ISDN,USED,100
BOAR,TUSK,1036
DROP,JAVA,68
SAYS,LOYD,77
SOON,JUAN,1369
WHEN,SEEN,376320
THCV,ALSO,54
MINE,EYES,224992
SELF,MADE,13888
POLE,WITH,86898
AXES,LIKE,1613
GAZE,RAPT,231
WITH,KITE,2694
SUCH,CAME,6113
HARI,HELD,65
THAT,WIRT,1808
LONG,JUMP,54322
LIVE,LAMB,1551
WHAT,SURE,1846
CHAP,RANG,83
CENT,THEY,9796
HIGH,EVEN,36984
WHAT,THIS,2423584
HAND,SLIP,7120
YOUR,MOST,816234
ACES,LIKE,528
IOWN,THAT,72
LADY,GODA,359
THAT,LUIS,13595
EDEN,GATE,248
THAN,CAST,19551
YOUR,VINE,4057
HESS,THAT,1752
THIS,KETO,586
BOYS,PREP,205
ZOEY,THAT,90
TROY,DIES,84
MUSS,HAND,154
NIGH,LOST,8932
COME,FROM,11341437
SITE,SEEM,1975
JEFF,EAST,244
THAN,GOLD,140820
LINE,GEAR,1314
OVER,CAPO,68
PLAY,LETS,537
TANG,RULE,633
DOSE,LESS,1639
CARD,LAID,729
WITH,FOLK,46173
CLAY,CELL,980
YALE,GAVE,1168
EAST,THIS,17246
MOON,BOYS,594
URGE,IRAN,162
KNOT,CLIP,600
WHEN,POPE,62628
WALL,FROM,113572
SELF,PUTS,912
INTO,DUAL,2998
STEP,MUCH,1784
COLD,SNOW,13010
OVER,JOHN,26936
HOLT,WITH,2245
GIRL,CHIC,68
YALE,NAVY,173
GOOD,DOWN,7951
BANK,LINE,9477
FINE,SALT,11586
REDO,FILE,165
DOTY,WERE,267
CAFE,MENU,1012
SALE,INTO,13616
SAME,TALE,47550
WHAT,MINE,11886
STOP,GARY,96
FIRE,WILL,108539
BEEN,NULL,3693
BANK,PAYS,22748
HUGE,SEAL,1117
TRUE,ORAL,1241
MAUI,WILL,314
MUCH,KURT,67
IDEA,PLAY,379
THEV,LIVE,1300
WELL,MUST,25320
MAYO,BOYS,221
VERY,WELL,9748897
WITH,FSBA,199
CUBA,GROW,62
YOUL,THEY,153
LEAR,FELL,87
SIGN,WITH,153542
EVEN,LEAS,269
GARD,SUCH,84
NOTE,WITH,217750
LAST,WELD,245
VERY,FIRE,8493
WILD,SIDE,29098
ACID,HITS,159
SICK,WIFE,29116
FOUR,MAHA,238
BEAM,GETS,993
XIII,LATE,115
ALSO,RAMA,749
LOON,FUND,314
TIME,PRAY,1636
HENS,WERE,29770
DECI,SION,4158
BEER,EACH,4026
EGGS,ONLY,9710
THAT,LONE,25919
MUST,BEEF,126
HOST,TONY,153
NODS,WITH,5970
DAYS,HAST,296
BOWL,WERE,7300
FROM,LOOK,6469
JUST,PAID,35614
WITH,PMCS,230
LIFE,CARD,429
OCLC,ALSO,373
THEY,LEND,77489
BATH,SOAP,5664
FIRS,WERE,3774
SAKE,HAVE,7861
AMMO,HAVE,60
WITH,SUCH,12546522
LAST,BEAU,193
ORFS,WITH,644
AUNT,RUBY,4606
HTML,TAGS,62084
MORE,GAGE,126
HAVE,SEEN,17365023
FROM,THUS,23397
COMO,NUBE,359
ORFF,USED,58
TEST,MORE,26271
FIVE,NOTE,1914
FROM,SAHA,694
SMUG,SELF,8582
LADY,LIFE,510
SEED,WILL,60421
RICE,MUST,6156
MILK,DOWN,8350
QIAN,DIAN,129
MUST,KEEP,1043667
PAUL,PUTS,12700
BUSY,THAT,66115
RULE,WELL,17771
HEAD,NECK,91416
EYES,HARE,135
RUSS,REID,168
SOME,PAHS,811
MIND,ROAM,2605
FOLL,INTO,94
SAID,KIRK,8617
URDU,WILL,954
THEY,WASH,47212
JANE,SAID,87816
FINE,WOOL,46172
USED,FUEL,7466
KOYA,THAT,65
FALL,INTO,4156770
TILE,BACK,848
NACH,OBEN,11801
HURT,LOOK,14005
CHIP,RATE,8462
HELD,SWAY,218888
DALE,KNEW,1603
HEAR,EVEN,23101
COME,TRUE,685571
INCH,LONG,358525
HATE,THEE,18752
BOTH,LIFE,63756
REAP,WITH,4871
INTO,TIME,91313
FROM,PATI,373
EAST,SIDE,1539561
USED,MARK,5159
EACH,HOPE,2471
LEFT,NOLA,120
ACTS,LIKE,333839
THEN,TYPE,114202
THAT,AMID,31864
FREE,BEER,18258
YMCA,TOLD,53
THAN,OXEN,4202
BEEN,SOLD,778330
UGLY,MONK,81
VAST,HOLE,1913
TOWN,ROLE,94
SOON,FUEL,97
TOLD,THAT,5001271
EVER,LAID,54299
EVEN,WEAK,13704
WORN,DOWN,217463
HUTS,LIKE,3887
RUNG,ALSO,174
HOME,THAT,686135
PLAY,DUMB,16426
DOES,ZORA,68
INCH,LAND,432
EACH,TIER,28811
SAFE,AREA,33841
THEN,SCAT,109
TASK,DIED,47
FOOD,LACK,504
SICK,THAT,51783
SHOW,WAYS,6466
DONE,DAVE,55
LONG,LAST,343574
DEEP,WOMB,469
WIND,DATA,24180
FIND,INNS,262
THEY,WERE,126269754
FOUR,HAVE,71138
MEET,THIS,742631
TIDY,HERE,259
ALSO,CHOW,581
WITH,EYES,722284
THAT,LONG,1363421
LIKE,ROCK,36142
NEXT,HEAR,11261
WHAT,SHAW,8955
MINE,POOL,265
FRAT,KIDS,68
WIFE,WORD,267
ROME,MAIN,45
THAT,TOOL,29505
BENT,POST,177
DEEP,BASS,35248
WORK,PLAN,77323
TIME,PAST,416027
KNEW,DUNN,91
SLAP,BANG,2831
LONG,THAW,285
IRON,BARS,202710
BOAT,MOST,1325
PECO,ARTS,126
OVER,TIME,6416379
FOOT,WASH,367
TRIP,WALK,959
BUSH,ONLY,2537
DOOR,EVIL,47
DAVE,WONG,56
HAST,SEEN,46396
LIKE,LUCY,14529
SLIM,HIPS,11223
CART,AWAY,10649
JETS,THAT,11982
RIDE,LIES,111
THAT,SINO,6839
COME,BACK,6522431
HIER,EINE,10369
RATE,TRAP,202
HERE,SEEN,45908
LIKE,BMDP,59
ONCE,BEEN,1399163
FITH,THAT,54
FALL,IDLE,560
MAIS,PUIS,687
GRAY,BETH,126
WHAT,MAMA,12775
ROSE,BOWL,61122
DEAD,NODE,321
PAIR,THAN,5724
OPUS,MEUM,309
WITH,WARS,28646
SIBS,FROM,887
JOVE,WHEN,873
THIS,CURB,3202
DOWN,HOLY,680
VEGA,CAME,426
DAYS,POLK,91
CONE,TRID,97
WEAR,THIS,86042
MUST,FALL,372367
FROM,FALL,32675
ODDS,WITH,891260
THAT,ORAN,726
WHAT,THEV,13317
RUTH,LAKE,857
FURS,HERE,522
PUTS,HUGE,287
THEN,GEMS,168
BEEN,LONG,1118700
KNOB,WELL,62
RATE,ALSO,44560
WENT,THEY,33511
MORE,BTSS,98
BLUE,NEED,119
BEST,SOIL,24035
ABEL,ETAL,239
DOES,MERE,3806
RAGS,UPON,2141
FORT,GOOD,11192
MESS,HALL,131081
COST,FOUR,19173
DULY,MADE,76500
CALL,EACH,88740
ALSO,MENT,344
INCA,DATE,190
SEND,MORE,82102
GRIP,UPON,46933
HALF,ACRE,42402
JEFF,FELL,509
AREA,USED,46924
VIEW,MADE,12815
WHAT,THAT,1686859
PIMA,MINE,279
OVER,ARMY,6278
COED,ONES,81
WORK,HARD,850557
PICK,INTO,6565
WAUN,FACH,150
LEFT,SHOT,1293
CANE,WELL,292
FAIR,EMPL,29703
WORD,MARK,10030
PARK,TOUR,1870
CASE,TOLD,3547
TELL,TOLD,2277
LOSE,NINE,1189
WHEN,THIS,6460893
HOLD,DAYS,214
HERE,WHAR,205
FACE,MANY,63522
LEFT,MORE,83662
CITY,FROM,452586
FORM,NEED,6933
ROTH,TAKE,56
THIS,ROCK,311011
GOOD,TOUR,3667
LIRE,FINE,368
ALSO,KING,32204
CASA,WITH,876
HELD,TOWN,4122
ELSE,LAST,1496
WILL,DENT,1276
GULF,RUNS,405
WITH,MILD,379010
DAMN,YARD,176
WHAT,ADAT,59
FROM,GROS,1677
SUCH,VILE,20669
COCK,SIZE,248
GAVE,ALEX,2975
YIDS,HAVE,101
MAIN,MAKE,302
FEAR,CASE,93
PLUM,SOFA,87
WITH,LACK,105597
HAVE,BSEN,3678
SUCH,PLAY,29387
THAT,DEFF,167
LAST,FACT,39936
WHEN,HOLT,3089
WORD,LIKE,123878
THEM,RIDE,16010
TINY,LANE,905
LINE,GUNS,567
LOOK,WELL,216304
DAMN,BUSY,2680
SAID,MARY,221048
AMES,DIAL,605
HAIR,HUNG,71503
THAT,HARD,279594
BEST,LIES,2065
KNOW,RULE,604
CEUX,DONT,8212
PAUL,KAHN,1675
JUST,WOKE,14790
COLD,CALL,13026
SHOW,BORN,84
FOLK,HERE,8425
HEED,THAT,52878
FROM,FENG,3156
VIVO,DRUG,3492
SAND,WAVE,3672
THEM,BEND,5102
THAN,SOME,867821
HUSH,LONG,44
FULL,CART,1189
DEMY,ALSO,179
SOIN,AVEC,241
SEAT,SEAT,1171
WILL,WAIT,312420
POOR,TITO,151
TINT,MORE,1045
YOUR,SOAP,8100
COME,OVER,1599181
PAID,THAN,38062
USED,HYPO,206
SHOW,POOR,18751
CORN,NEAR,2461
LAKE,CHAM,2258
THIN,LEFT,955
WITH,ROWS,131891
FLUE,DUST,15911
PAID,LYON,77
DOWN,JANE,755
WEBS,WILL,1718
FEET,HIGH,2441885
MDCS,HAVE,480
MUNI,ONCE,114
SOFT,BEAT,1521
GULP,FUEL,77
RICH,BRED,41
EVEN,ODDS,4493
DEAD,CATS,15760
BEST,NEAR,5004
FANS,CALL,1472
POEM,EVEN,4513
EARN,BOTH,3121
GRAB,HOLD,59811
PLAN,THAT,885568
VIEW,WILL,130883
SONS,WERE,369957
EACH,ROBE,754
IONE,WITH,213
RIES,MORE,92
SEEM,CAST,1098
CARD,SAFE,178
HOLD,WAGE,1063
LOVE,LOST,58619
LERS,THAT,117
DUNG,GATE,5827
QUIA,NATI,58
LOGS,ONTO,7456
WITH,LICK,639
EVEN,FROM,1746037
FROM,THIS,25542508
FROM,YHWH,4954
ENDS,BACK,5239
HELP,JEFF,1035
LEAF,DROP,8998
OVER,ROWE,136
MUCH,RISK,78165
SOME,BOOK,74118
YOUR,LOAN,59622
BUCK,ROSS,285
THIS,ERRS,333
OICE,THAT,106
BITE,OPEN,685
CAPD,WILL,253
KONG,KUNG,764
FREE,THEM,137322
HEAR,ROAR,98
CRAP,GAME,20538
BAKE,OVEN,10475
WHAT,DARE,2069
MANN,USED,1634
LATE,LOGO,384
WORM,MOTH,2828
COMB,SIDE,134
SAID,BECK,2226
ABAZ,KUPI,485
DUTY,FROM,70019
THIS,BEEN,170170
HEAR,KURT,250
WITH,NKVD,839
BUSH,THIS,2635
FEET,LOUG,237
GOOD,MANY,1411524
CARY,GREW,76
ALEC,THIS,127
HAHN,WITH,687
ARTS,SHOP,2814
PUJA,ROOM,3479
LEAD,PAUL,669
HALF,THAT,627923
VADO,MORI,549
THIS,HATE,12426
DOST,SHOW,2161
WITH,SAIL,14930
CASH,CROP,172741
WELL,OMIT,3225
SOLD,WHOM,71
EYES,HERS,124
KIND,WITH,196806
TAKI,DIED,79
POEM,READ,9729
FROM,MIND,63123
BOMB,DUMP,1231
WALT,THEN,371
FORT,PITT,124696
THEM,WILL,1237643
WERE,KAAB,70
REEF,RICH,66
ROAD,TOLL,4454
PAST,NINE,193930
GUYS,WITH,56681
QUAM,CURA,193
RICH,WIFE,18777
GREY,GOWN,4628
HARP,SEAL,15505
RULE,UPON,44344
THEN,BALD,294
EACH,SLUG,1002
JESU,WITH,137
SAID,THAT,26490673
HELD,MILK,513
ZONE,WIDE,330
HERO,INTO,17135
FEET,STEP,2037
LESS,CALL,3837
MESH,AREA,889
STEM,MEAL,308
ROOM,HAVE,27323
FANG,TANG,285
HARD,EVER,3060
TEST,THAN,61500
BIRD,SONG,39571
ONCE,WORD,8399
SAID,SURE,18579
SAME,TIME,38681475
THAT,NAMU,331
PIER,AXIS,89
INSB,FILM,240
META,THAT,575
TERM,FEES,1179
SHIN,AREA,531
POEM,THAT,268705
COMB,WASH,1086
DECK,THIS,5337
FIVE,FIRE,3813
THEE,AIRS,1245
LEAD,ORES,37087
SALT,ROAD,2371
TACS,HAVE,267
BODY,COST,339
SHIP,SKIN,67
NUTR,SOIL,234
BOAS,USED,554
TORN,MATS,221
SHOW,JOHN,5473
THIS,POEM,1045100
TAXI,FULL,327
SAME,THAT,227583
WIDE,BEST,501
THEM,GAVE,103999
TWIN,BORN,1717
THIS,COUP,28195
LION,EVER,1274
USER,DATA,102285
UPON,CEOS,53
THEY,PART,54662
BEND,LONG,450
ONCE,PAGE,418
PART,NOTE,1343
TELL,MISS,36265
THAT,WORK,1813948
ONTO,DRUG,172
SAID,SEAN,11739
BARE,WOOD,25264
SAIL,THIS,10329
SAYS,BUDD,130
SOLD,LAND,27963
LONG,YALE,67
BEGG,WILL,56
THIS,HIGH,846064
SORT,WILL,49618
PTSD,THAT,1920
BUTT,LIKE,1946
EACH,PUTS,4239
TURK,NEED,59
WING,TEAL,1350
BUST,MADE,2186
LABS,THEY,451
FELT,EYES,4689
CUTE,BOYS,2981
HOMO,THIS,259
OWEN,SONE,81
LAWS,HAVE,369775
HENG,ALSO,152
CASE,SITE,1122
WITH,MPTP,2220
PEAK,LIKE,3664
RAMA,DEVA,591
HEAR,MAKE,546
JUST,WHEN,1032831
THEY,FLIT,11007
CULT,WITH,17398
AHOM,KING,8375
ORAL,BIOL,51910
SUCH,SHIP,67913
RAIL,LONG,280
SOOT,OVER,1592
TANT,VIEW,88
VAST,THAT,77402
THUS,MOLD,356
MUTY,GENE,138
BEAR,CAME,20223
VERY,SEXY,30466
WAIS,WAIS,240
HUGE,EDGE,716
HIGH,TEST,28160
REEL,CART,497
LINE,HALF,7865
FIND,FREE,15888
ANNA,DAWE,482
FROM,JOHN,638037
THIS,VAST,705392
THIS,DISH,141545
THAT,HOME,253447
MALE,RATS,114970
LIKE,THIS,9351061
MILK,NUTS,399
BIEN,CELA,756
COPY,SENT,28933
USAF,JUNE,488
AFSC,WERE,83
STAY,WILL,18230
LINE,SITE,2253
PAIN,WHEN,138351
EVEN,GAOL,78
UCSD,WERE,73
MOST,MEEK,2762
PALL,MALL,386750
WITH,BETA,47956
PULL,HAND,531
NOWE,MAIE,46
TAKE,BEAR,606
RAIL,YARD,9566
NUDE,MICE,64927
THAT,DARK,264583
SIGN,FROM,179742
LAST,DIED,14666
DOES,JUST,74123
PLUS,BEAU,16004
WILD,SEAS,5033
NEED,DOES,14255
MIKE,PICK,131
MADE,THEM,3250308
LIKE,FLAN,190
THIS,SLOW,117743
NEVA,GATE,206
THAT,PAGE,133367
REST,DARK,738
THAT,SKIM,4489
RIND,ADDS,58
SHEW,SOME,8400
JEAN,SEEN,44
GODS,KEPT,1383
WITH,STEP,76221
AMID,GREY,302
BRIG,FAME,227
HALF,THEN,4750
RILL,WILL,163
OVID,HAVE,1020
RICE,EVEN,1943
NEXT,BIRD,2251
THAT,THSY,791
TUBE,BEND,425
BIRD,CAGE,30869
JANE,RAPH,100
WHAT,DISH,2170
VERY,PALE,291345
LOVE,TYPE,1317
THEN,HAVE,1705750
GOOD,FOOD,473351
FROM,NUMA,2459
SOME,HIRE,1532
COST,NOTE,1358
POOR,ABBY,474
SPSS,THIS,190
FROM,CITY,296725
ROAR,BACK,2008
TEWA,GIRL,60
YORK,FACE,360
TAXI,TOOK,5439
DOES,WHEN,220803
BABY,FIVE,919
LOOP,BACK,25050
SACS,THAT,9148
INCA,UPON,79
TOBY,ROSE,472
VERY,NEAR,1230767
POOH,KAYE,219
JARS,WERE,37096
OXEN,MOST,98
WERE,LONG,615635
WITH,SLOT,7390
FARE,TRIP,58
YOUR,FOOD,250946
TUOS,AMAS,69
MANY,MANY,68670
XBTS,WERE,111
HELP,BONE,304
WENT,SAFE,770
DVDS,WITH,1771
SEEN,KING,4052
SAID,TALL,1866
WAVE,LAMP,393
ELSE,THEY,454022
TENS,LIKE,146
KENT,LIKE,195
POOR,POET,15743
RUPP,TOOK,88
SUCH,ANNO,98
SEEN,WIND,345
LONG,TENN,943
COOK,THAN,9266
SEEN,DUSE,260
THIS,NOTE,700611
JOHN,ROAF,413
BUCK,LAND,947
THIS,RACY,1510
LEFT,KOME,91
ONLY,RUIN,11997
AGES,DOWN,9860
YOUR,MAIL,93536
HEAD,NODE,7573
AUNT,THEO,939
TUNG,SHEN,90
CITY,RACE,2010
MANN,WHEN,982
THAT,HONG,47024
RUSK,CAME,575
FLAG,RANK,10168
YOUR,FREE,126774
MORN,BLEW,54
TIME,THAN,1074844
YOUR,NULL,2186
NONE,MORE,266278
WHAT,FATE,54782
VATA,VATA,117
BABY,BOWL,120
FROM,PORT,278586
MOST,FARM,27982
LENS,HOLD,71
LAND,LOCK,123
FIND,SOME,1784343
LANE,GREY,153
COPY,FREE,21894
WARM,DUSK,1966
OVER,SANS,167
CUTS,SUCH,4750
WEEK,DAYS,51943
SAID,BABS,2081
REEF,WERE,4259
VERY,DATE,11563
HEAD,HANG,4548
WEAK,SHOW,757
MIKE,WITH,10587
DUTY,WEAR,709
ANNE,THEN,2250
EJUS,TRES,129
MILD,THAT,22040
WHAT,BABY,7391
BLOC,PLAN,166
THIS,FAKE,8411
PALL,MAIL,1180
REEF,CLUB,3491
DEVE,PURE,76
REAL,TEST,132525
HAVE,SENT,1106730
COLI,RECQ,657
THIS,HERE,339642
WEEK,BOOK,6629
HEAD,ECHO,445
THAT,GALL,8881
THAT,MESS,39879
EVEN,OGLE,54
VERV,NICE,309
JOHN,GAVE,41946
QIAN,FELT,65
FROM,HOLL,238
ISPS,SEND,44
KNEW,BEST,91419
INTO,SHIN,358
BOTH,TIPS,2241
DOWN,INTO,4119762
GILL,LANE,68
WITH,NINE,282472
KONG,WAGE,69
MANY,HONG,5974
THAT,AREA,1205287
AWAY,INTO,775417
FAKE,ONCE,61
HOPE,WITH,91080
FOLD,MANY,1376
WITH,FATE,56178
MAIN,LINE,587672
EVEN,WITH,4731740
SIGH,MORE,1446
FILL,LOAD,396
TOLD,RICH,1436
LADY,WOLF,114
WILL,LOSE,858248
BOIL,DOWN,82414
TRAP,THAT,61751
FULL,LEAN,594
IRON,TYPE,4707
METT,HERE,83
FOUR,LAMP,657
KNEW,ALSO,88711
MUCH,POOP,127
SALE,FISH,149
THAT,BEDS,9344
RATA,WITH,6303
MUCH,FOAM,1758
TUDO,PODE,82
COLE,WILL,2152
BEST,SEAT,16854
SHOW,LAND,2262
YOUR,RICH,20231
BEDS,KEPT,532
BOOM,BENT,207
BEST,GAME,23412
ONTO,YOUR,152084
BEAR,YOUR,57476
GUYS,PLAN,330
WALD,FELT,121
MAIN,WITH,40972
LIKE,FROM,108174
BEEN,FROM,467194
SPIN,FLAX,2074
THEY,WARN,35080
JACK,BEAN,8942
JOHN,BORE,2766
PINK,LOGO,51
GAIN,LESS,13237
RUIN,AREA,425
HOPE,FROM,127248
TURN,PUTS,3860
RISK,WERE,22381
EWES,LAMB,594
TURN,THAT,213096
WITH,LICL,2097
TAXA,HAVE,12016
MUST,BOIL,4870
OVER,HYPE,108
GROW,HERE,36749
SEND,NUDE,42
DAMN,FINE,16359
PSBR,MUST,66
LEET,WITH,473
TIME,GOES,366683
EVER,GAVE,111186
MUDS,HAVE,2421
AREA,FINE,655
BECK,HOME,203
COST,MILL,257
ONLY,HERE,297489
DARK,HOUR,42291
YARD,FROM,49234
YOUR,PEWS,814
CHIN,IKEI,502
ROOT,DONE,57
COLD,PALM,838
NEXT,GONG,89
BOYS,BOTH,6102
WITH,NEXT,44739
PRIX,TEST,86
RUTH,THAT,10493
LOVE,MATT,480
SAID,FITZ,5714
BREW,GAVE,78
CAIN,CAME,1257
HIIS,QUOS,100
AFGE,HAVE,54
RISE,UPON,40767
LIKE,BART,2296
DULY,TOOK,11558
LIFT,ERIC,57
ELSE,MUST,92026
MORE,THAT,886230
ROTH,ENDS,87
MUSA,ALSO,719
LAMB,BEEF,392
ANNA,FROM,7622
WITH,FHEM,164
THIS,FIVE,85612
THAT,ALVA,6329
PUMP,HARD,876
VARY,VERY,53936
AGED,MATE,127
TEST,WITH,373690
THAT,TIME,22798808
RAGE,LIKE,9088
WITH,SAND,419123
WILL,FIND,7829765
POOR,ERIC,1316
LOSE,HEAT,25742
MAIN,POET,214
LONG,PIER,11704
MUSA,NANA,214
BOTH,WARM,17768
FOOT,VENT,188
HURT,KIDS,953
SOFT,KISS,15735
BOTH,ALEX,2589
TYPE,AREA,33349
HARD,ROAD,62629
TINY,BODY,24704
RAPE,USED,641
THAT,JOIN,54297
SHED,ONLY,4866
IDLE,WERE,2589
GIRL,WALK,3352
HERO,MYTH,5998
SOME,REAL,490205
LOVE,HOLY,943
HELD,PEER,191
THUG,JUST,108
DONE,WORK,37301
HARD,FACT,66203
TEAM,STAR,433
ONLY,THEY,543422
MORE,NEER,194
LATE,HAJJ,96
NERE,HAND,169
NAME,HAND,544
ABER,DENN,61
CLUB,LEGS,92
ARNO,WENT,132
VERY,POOR,1432273
FIVE,MILE,49069
VOID,ECHO,76
DULL,HOUR,2460
ONCE,OWED,2289
DOTS,ALSO,1176
SAME,MASS,95124
LEFT,UTAH,2108
BEEN,PINK,2058
HEAT,SPOT,522
LOSE,MUCH,145239
HOME,MEAL,3107
WANT,THAT,505325
UERY,MUCH,213
OVER,MILL,3117
WHEN,SUCH,1860428
LESS,THAN,41029744
FROM,SKAN,86
DAYS,ARMS,87
THAT,DOES,5511239
THIS,ALSO,1791190
THAT,TSST,165
SAME,LOVE,77233
WITH,OBVI,120
BARE,BODY,11015
HARM,THAN,343387
PAIN,MUST,31600
RISK,THOU,96
CENT,TONS,692
POND,SUCH,245
MERE,QUID,110
DRAW,COIN,157
BEAR,MOST,26550
MAXI,PADS,818
KEPT,BUSY,181448
HOLE,SITS,257
AWAY,MOAN,380
YEAR,GREY,425
UGLY,SUCH,138
JOSE,WENT,2511
SITE,AREA,40879
THEY,KNOW,4151226
SOON,FLAG,567
SEER,SAYS,1119
FROM,AVIS,3093
ONLY,UTAH,991
BONE,WALL,1535
LOOK,JOHN,1240
SELL,WELL,49135
DADS,WILL,1052
JOHN,KING,76016
ROAD,COLD,196
SUCH,COST,57340
HOSE,USED,2537
FIVE,JOBS,11057
DATE,RING,312
ALLY,THEY,2910
YEAR,AGOL,42
HAUD,MORA,216
PLUS,POUR,7466
FORM,FAKE,234
HUNC,UNUM,477
SOLD,COAL,2134
YORK,CITV,9603
LATE,DOES,2622
EVAN,HALL,344
VIEW,THIS,373420
LIFE,FREE,43154
JOHN,GAIN,202
HAIR,CLUB,1380
IGNS,THAT,49
VIEW,BALL,61
TORY,BACK,2548
UNIT,WAGE,7366
BODY,FOOD,1686
TILE,MUST,2439
KIND,GIVE,3467
OMIT,THIS,56927
HUES,LIKE,2162
EACH,CLIP,9729
DIGS,LONG,230
FIVE,FOOT,97706
THEY,HAVE,55390820
SEEM,ARCH,115
FROM,MANY,2343886
SAID,NALA,253
YORK,GUYS,500
HOST,JUST,1394
IKKE,GITT,149
TEND,THEM,19901
GOOD,TURN,115813
BUTT,AWAY,1655
THAT,MUCH,3670940
MANY,WOOD,9678
WITH,SLIP,27986
ROCK,BITS,2830
UPON,THIS,5303823
URDU,TILL,43
MISS,LUCY,75147
FROM,AFRI,92
MADE,HOLY,40203
WERE,FAST,180737
TERM,AQUA,155
COST,FIND,505
REAL,NAME,593467
AXES,ALSO,2619
WILD,LITE,132
GIFT,WITH,57482
IMMO,QUAE,63
THEN,BILL,20603
WANT,DONE,43504
NINE,OVER,2632
KAVA,KAVA,8825
FROM,ATOP,38044
WITH,BOSC,190
STOP,FIVE,1847
WHEN,EGON,512
TOSH,FROM,89
TABS,FROM,3962
GIVE,MUST,4551
NICE,DOIN,129
CUBS,FELL,212
HUTS,ATOP,95
DUST,FEED,618
THAT,SEAN,20056
NEXT,HALF,169563
FEEL,COLD,56046
CHIN,CHEN,772
POLE,AXES,681
NAME,KEPT,5980
UGLY,LEAP,53
NOON,MEAN,84
REGI,MENT,1519
LOOK,YOUR,31727
ALSO,BEEN,7897940
LIKE,JADE,5204
DAWN,DRUG,52
LAMP,FROM,36945
THIN,DECK,581
SAGA,WERE,1805
RYTI,THAT,79
ULNA,BOTH,77
FEBS,LETT,159037
PUTS,DOWN,91188
HIGH,SOUL,4494
FACT,BORN,4488
LIPS,WERE,427749
TOED,DOWN,839
ALSO,RIPE,2857
MALE,VISA,60
KING,HAVE,30153
CUNT,FROM,609
OPEN,UNTO,21165
FLAN,RING,1835
WORE,WHAT,15148
SAYS,MIRO,71
AREA,CUTS,603
NOCH,IHRE,898
DRAG,GOOD,74
LAWS,SOON,2042
GOOD,COON,767
FROM,TRIE,8692
FOLD,FACT,450
EACH,MEAL,160801
QUIT,DRUG,164
TOLD,FOOD,93
ARTE,POET,1034
HERE,WHEN,346629
GOOD,PETS,6907
SOME,GOOD,1597877
ATRI,WITH,99
FOUR,SPOT,1524
POEM,WERE,21355
POET,ALSO,19360
ONLY,HANG,8195
WHAT,WARM,3480
ESKI,KALE,123
KIND,FROM,262459
EVEN,GABY,51
SCAN,JUST,862
FROM,VICH,536
FRED,ZINN,91
DEAD,BAIT,3447
WELL,EACH,29894
BACK,TIRE,4225
LAKE,FACE,165
WALL,THEY,23395
VIVO,WITH,22015
WHEN,JOAN,26388
WERE,SUCB,56
HIGH,WAYS,7945
SIDE,WERE,328609
DEAR,DOVE,712
COAS,THAT,178
HEAT,THIS,16369
MOST,FIND,10663
WHEN,TETA,192
GOAL,GREW,302
FUND,DATA,3528
BEER,LOGO,331
CAMP,TOOL,82
HALL,PAST,5504
FROM,SIEN,132
OUST,BOSE,46
ELLA,TOLD,1908
THEM,SOME,726636
NEAR,FOOT,2579
ONLY,COLT,228
SOME,RICH,115253
MALE,SEMI,405
RATE,THAT,551528
QUIT,THIS,85666
CITY,SPED,588
LAST,VINE,341
LEAD,FROM,286787
TOLD,MAYA,718
LAST,GAME,57899
BABY,HAIR,3763
ABBE,WILL,804
RARE,ZINC,63
MAWR,WITH,462
DOCK,SOME,604
LOOK,INTO,1729901
FACT,MELT,109
DIAL,HILL,92
WORD,SUCH,44051
THEN,KOCH,393
THAT,GRID,11570
BULL,HALL,364
THIN,TRUE,104
MEME,DIEU,243
IPSE,SIBI,3644
LANG,FILM,796
ODIN,WITH,1304
ONES,FLED,696
THIS,CITY,2018702
VERY,RARE,1271245
THAT,ROMP,516
ANNA,KEAY,85
VERY,SURE,260150
SHOE,YOUR,1520
MINE,WITH,96383
LUTE,USED,319
GORA,NEAR,373
MEAL,TEST,774
WERE,IRON,25068
KONG,ISLE,105
MUST,KNOW,2059682
THAT,APEX,3479
GAPS,WITH,32579
ARMS,WERO,87
SUVS,ALSO,90
LENS,WERE,9077
REES,KNEW,186
OVER,ICED,993
WHOM,JANE,4756
THEY,SENT,923650
JEWS,BOTH,5862
SOON,RISK,372
IRON,MANU,186
LEFT,AMIN,60
TEAM,LOTS,76
BLOW,OPEN,6204
THAT,AMPS,243
CODE,TYPE,10635
WHEN,STIE,497
FORM,RARE,993
THAN,MARS,8134
SAND,FINE,5768
WITH,MIER,149
SONS,THEN,4653
LIKE,THAT,13819368
SURE,SAVE,917
COLD,GRAY,31291
DOLL,SEES,375
CAGE,FISH,860
SAAB,HAVE,164
OHIO,PARK,125
BOOK,AWAY,25826
DATE,SOME,17689
GEAR,DRAG,400
LAID,UPON,839327
THAT,MUST,4813866
WEST,ARMS,3137
WIRD,AUCH,19863
ALSO,NURI,82
THIS,THEY,1518389
CAPS,JUST,619
PAGE,VIEW,34429
DEAR,TAKE,344
DEAD,THAN,130794
RANK,FAST,115
HELP,WITH,1594900
HOUS,WITH,513
FIND,BURN,66
JUST,MIME,95
RAJA,DEWA,395
WEAK,LAMB,579
SHOT,AWAY,100601
SOME,SELF,122634
DAYS,KING,1810
GRAY,CRAG,715
WORK,BACK,65100
WIRD,SICH,13788
LOOP,DROP,308
CLAY,LOAM,112271
NEAR,ECHO,1274
OVID,TOLD,638
RANK,MEAN,3552
SCAN,WHEN,2985
CALL,UPON,1226719
SAID,KEES,248
KNOT,BOOK,438
NELL,WENT,2018
FROM,BUZZ,1314
EVIL,OWES,205
OVAL,BONE,517
POET,WENT,6585
CAVE,UPON,1459
EACH,ROOM,264804
THEY,HELP,610028
MERK,LAND,2685
OVER,THEY,76499
CHIP,TOOL,1213
FORD,ENDS,144
THAT,KEEP,331885
THAN,SANT,198
TSAI,CHIN,644
DULL,ECHO,2076
DEAD,KNOW,8894
VERY,LIKE,692066
LIZA,GREW,146
PUMP,FEED,1526
UPON,COIN,1470
WITH,MINH,827
GAAS,MQWS,171
VITA,BERN,126
CHAI,WARE,91
RARE,TEXT,866
EARN,ONLY,27132
FORT,TOOK,2074
RUSH,FELL,167
NEAR,DIED,2826
FUCK,THAN,491
HOLY,CODE,397
THAT,IBME,89
INTO,DEMI,1146
COMO,TRES,842
SEED,CAKE,16261
THAT,FACT,1122078
SOON,MEET,28400
THAT,BELL,67280
ROOF,PLAY,243
YEAR,MORE,143741
HSAS,HAVE,477
NEED,EARN,378
VERY,MANY,1192896
EVEN,TILL,46079
TURN,RICH,747
OVEN,HERE,597
BACK,JOHN,3343
LOST,GOAL,292
THAT,EGON,1038
JAIR,SAYS,49
SONG,INTO,23618
BEEN,BYRD,128
RUBY,LIPS,11363
SAND,SAND,11011
HAVE,FROM,530823
WERE,MANY,3051757
SEEN,RUBY,760
MANY,SUCH,1105477
THAN,DAUN,106
ERIN,CAME,1226
ACLU,INTO,152
BOSH,THEY,55
DONE,SIGN,421
BORO,RICE,3800
AGED,LADY,29129
SAAR,SAID,106
JUNE,LYTH,239
TNCS,WERE,2536
PLOY,VERY,82
PUPS,GAIN,146
WITH,MOSE,1410
VOTE,WILL,57390
LOOP,ONLY,4302
THAT,HATH,657351
HAVE,SAME,29568
HANH,TOLD,82
WELL,FOLK,230
BOAT,BORE,1412
JUST,NEXT,26132
HALF,YOUR,68655
DOWN,BOTH,84240
VIEW,VICO,50
THAN,IWAS,81
BANK,WILL,228070
REAL,WHEN,27277
SAIL,CARE,53
FLOW,AKIN,69
JUNG,SAYS,12316
MOCK,THEM,13409
WELL,SOON,19008
THAT,EVEN,8434041
NICK,SAID,92743
LOVE,WITH,4230372
LAKE,LIES,17057
FROM,APOC,325
ERIC,THEN,1370
BOSS,TONY,553
COLD,THAT,174053
WALL,BARS,3489
REAL,SALT,2574
HOGE,ALSO,147
ALSO,EARN,18514
SUCH,LOCK,1905
FIND,KERR,64
MEET,HAVE,4223
PAIN,WENT,12058
DOTH,LIVE,8975
FOME,LATE,301
WHOM,JENS,57
AZOV,FROM,829
AMPS,WITH,2501
LAST,YEAR,5240944
ONLY,WORD,87825
HALF,SIGH,4531
TWIN,WHAT,81
INTO,SUCH,1230455
COPY,TFTP,1812
WIDE,WAKE,1112
MEAN,FLUX,5918
MUST,GROW,155402
MINE,LAWS,717
TAAL,WITH,111
INTO,GABE,870
HAIR,HALF,5138
ALSO,HAVE,6497300
OATS,SOWN,2403
LOST,WITH,149078
JAZZ,FULL,90
ZERO,HOUR,55742
FIFE,MUST,444
WAGG,SAID,333
CALL,FOXY,136
EACH,POOP,68
SOME,WEAR,24239
THAT,EVET,71
PEET,WENT,77
ACRE,WERE,17730
YORK,SENT,8587
SOUP,SOME,394
THAN,LIES,7449
QUAE,SUIS,306
LIKE,CROW,1980
ALSO,EVIL,9120
OECD,SEEM,52
FROM,KIOF,57
THAT,JILL,19897
RARE,BOOK,133997
SELF,VIEW,2735
SEEN,KONG,486
WICK,OVER,530
BASE,BIDS,177
IRAQ,USED,3022
AGED,DATA,417
BANK,NEAR,27134
SHAN,KUAN,70
LECT,THAT,624
GREG,EGAN,1099
KENT,WEST,357
HAVE,DONE,12354888
REIS,THEN,84
LIKE,PIGS,35195
YEAB,BOOK,266
GAME,CODE,7834
HEAD,BEER,224
TOOK,AWAY,542402
BORN,JUST,28860
THEY,NUMB,883
FUZZ,WHEN,236
UNIT,HAVE,26655
MAKE,LOAF,173
WEAR,SEAT,8472
UPON,FACE,3436
CASI,DIEZ,142
LAST,PATH,2666
ZING,OVER,93
THAT,SETS,376314
WORD,PASS,3924
LARD,GOES,56
TURF,WARS,18074
FROM,CELL,167672
TIME,MUST,406647
INTO,YORK,8356
THAN,BAER,161
TOES,RISE,73
WEAR,ONCE,1773
TERM,TASK,8698
LEAN,BEEF,30643
THEN,TOPS,639
THIS,KINK,2418
EVER,HERS,613
BOTH,LEFT,104962
GOOD,CLIP,11907
THAT,EQNS,1800
ALSO,BABA,630
WERE,ABLE,5760638
GWIN,FELT,106
LIFE,SPAN,800236
IMAC,DOES,251
KAYE,DIED,181
THAN,LATE,30875
LOST,LEGS,1544
WHOM,JOBS,1293
CALL,SNOW,997
PAUL,WITH,50032
GOTT,GAVE,70
MALE,PAIN,544
BASE,LOAD,24008
OLDS,USED,2275
JUST,EXAM,76
JANE,CASE,416
EVEN,YANK,77
ALAN,TAIT,637
ALSO,BOAT,1995
CABS,MUST,279
THIN,LOVE,307
EVEN,THIS,2109712
BOND,TOOK,3362
WACE,GAVE,88
THEM,MOAN,1078
WITH,ARKY,83
OLMS,TEAD,77
TONY,MACK,194
REAR,SEAT,84157
WERE,TRUE,866755
MISS,SHAW,15984
WHAT,DENY,499
TRUE,DICE,432
LENT,FOOD,154
MAIN,WALL,32168
BOTH,AUNT,3369
GAVE,LESS,31136
OPEN,PITS,20556
GOLD,TAKE,850
BLOW,THAT,161806
SNOW,HIGH,2510
BABY,SWAP,410
APEX,DATA,293
BEEN,TOLD,2304318
ARAB,FOOD,1629
TILL,DUSK,25835
THIS,HUNA,57
STEP,TYPE,3868
SOIL,WEST,657
CHOP,WOOD,29224
DEAD,DAME,62
POWS,FROM,6117
AWAY,HEAT,5771
BEEN,FOUR,127411
DICK,CAME,10180
BEEN,VERY,4148518
PSOE,CAME,208
SNOW,FOUR,1342
ENDS,WITH,1486425
SOLE,WISE,125
WITH,MANY,6477122
NETS,WHEN,3636
LAST,COME,73100
SKIN,HATS,1097
BLUE,NAME,736
HELP,ONLY,38937
DISK,ONLY,4951
THAT,ROBS,19451
HEAD,LOGS,533
GAIT,MADE,1191
EVER,NEWS,330
NECK,OPEN,2278
SAKA,ERAS,183
FIGS,WERE,8802
FILM,LIST,2426
MEAL,INTO,15417
TOOK,TONY,2174
CASE,ABLY,433
TEEN,MAGS,219
WERE,DONE,1049500
THEY,WISH,1191166
MORE,WIDE,75590
CMOS,GATE,7136
ADAM,WEIR,542
THAT,SEEP,3049
THAT,ARCS,3134
DONG,YANG,747
WILL,STAR,3310
IRON,DUKE,35690
JACK,HEAP,47
HUME,SHOT,55
FIVE,OAKS,5408
TICK,WHEN,1695
ELLI,AVEA,129
DOSE,WITH,28425
MORE,EASY,372530
OVER,FISH,17049
THEY,FEAR,371796
ONLY,GAME,47901
BEAT,DALE,100
LIVY,TAKE,124
WERE,YUMA,72
KEEP,PARK,180
CEOS,SUCH,461
VERY,SKIN,9252
HORN,POND,960
SENI,RUPA,3728
WHAT,WEYL,369
ALSO,WILL,548868
TINY,BRAT,47
USED,RAIL,1065
MASS,LOSS,114604
PARA,USOS,474
CITY,FELL,45150
DATA,MUST,234468
CAKE,SOME,372
HAVE,VERY,1763935
HOPE,THIS,340303
CLAN,FELL,518
VIEW,ORAL,525
DUMB,ONES,3854
SPOT,NEAR,82024
THAT,SROS,251
FILM,COST,4370
SENT,FROM,1233136
POOR,LENT,88
IEPS,WITH,142
MANY,MORE,3888880
CHEW,THAT,2769
WILL,HURT,135031
BOTH,EASY,29774
DALI,WILL,264
LOUD,THIS,2609
IDEA,WILL,90125
MIKE,NEXT,401
BEEN,MILD,17651
SORT,SOLD,678
LAST,RATE,3252
KING,BORE,4630
FROM,LAKE,348107
TIME,BASE,78492
THEY,SHOW,1438147
STEP,MUST,64014
POND,BOTH,241
BOOK,READ,26121
ONES,TURN,2744
TRAM,NEAR,229
STOP,HERE,288203
ROPE,WITH,81759
QUIS,INDE,150
GOOD,VERY,23513
THIS,SPOT,608500
SAID,WORK,50158
BODY,UPON,58656
LEON,CAME,3621
HAVE,BUEN,354
SOME,KIND,5034033
BRAT,INTO,664
BILL,LINE,549
EVEN,SUCH,550358
WEPT,SAVE,69
CASK,GETS,40
KOON,SAID,285
BODY,NOSE,690
MEET,JEAN,1790
WILL,LEAM,9623
GOOD,ROLE,31444
ROCK,PIER,436
SAME,LEAF,15643
LONG,FILL,1009
BOTH,ROOM,7076
SMUG,WHEN,1638
PIKE,FELT,453
IHIS,TYPE,282
EUER,DONE,61
HAVE,TIED,52240
ROWS,MUST,5779
MUIR,THEN,446
FILE,READ,11640
LEAF,ROOT,961
SOLO,HARP,1130
MILK,HERD,729
MENU,STEP,1667
YEAR,PORT,828
THEY,WILT,7212
COOK,SAID,23209
MUST,IDLE,398
BONE,TURN,322
MADE,BRYN,62
PITS,MUST,2726
TYPE,USED,144911
DAMP,FLAT,582
POOR,KARL,1457
THAN,HINT,9906
UPON,DECK,59204
BODY,WHOM,3994
FROM,GERD,1099
SNOW,KEPT,5376
MENU,HELP,1946
POTS,HAVE,12488
MICE,WITH,156884
SAVE,YOUR,578257
FROM,ACNE,6671
FINE,SLIM,295
ABBE,RENE,599
ONLY,KARL,1674
GOGO,SAYS,114
PAST,GONE,2544
LIKE,COZY,406
SITE,HOME,3918
HERS,SENT,1167
HAVE,GONE,5373040
USES,HEAP,69
THEY,OPEN,219615
SAID,MERE,1336
RUTH,MOHL,522
MISS,BYRD,1428
TIME,CAME,822532
RISK,PAIN,660
FREE,FEMS,886
HERR,BAUM,285
THEN,KEMP,253
REST,WILL,148426
WIND,LIKE,43518
RENT,WALL,150
BULK,FALL,123
DEER,CLAN,2887
BLUE,CLUB,1409
ABLE,LAST,556
ALSO,LOST,225628
MAKE,THEM,6100622
EVER,LEAD,18952
LEFT,WHIG,140
REDD,TOLD,101
IRON,CASE,10268
LOOK,HERE,591271
PACT,EACH,172
ALSO,MUTE,1498
SOME,CLAY,29788
AGRA,UPON,60
ACTH,TEST,2817
ALSO,RUDD,185
GREW,THIN,17819
MOST,FREE,86185
WITH,USMC,191
NEXT,TREE,15675
AXES,WERE,43690
MORE,DAYS,420060
KNEE,WALL,2388
ROCK,AREA,8339
THAT,LUND,1479
MANY,USES,162202
PLUS,NUTS,190
HERB,WITH,28187
MANY,SODA,611
MUST,DRAW,177032
FAIR,RATE,43707
MUSE,MUST,2391
THUS,CASE,2057
GREG,SHUT,90
SAME,BELL,5177
CPAP,WHEN,132
ALAN,KNEW,3240
IOWA,CITY,271471
FLED,FROM,780033
HUGH,WARD,1699
GROW,COLD,53646
FEES,FROM,109748
ITEM,ROWS,152
PHDS,THAN,218
DOES,FIND,53455
DAYS,LIKE,69897
LAKE,ERIE,583665
BACK,UPON,1154745
DOWN,EAST,58433
SAYS,LADY,12408
WEAK,PEAK,2668
VERV,SAFE,41
COOK,GONE,274
MAIS,DOCE,62
SAIL,MUST,2872
FINE,CLAY,36636
YOUR,DEBT,89346
SEEN,LONG,17605
THAT,TEST,228264
STUB,LINK,123
WILL,SEEP,8487
KNOX,USES,237
AXIS,RAYS,1005
HALT,NEAR,7700
ACID,THIS,11208
OVER,MORE,322624
LANE,PAST,2968
JUAN,KNEW,2505
GOUT,DOES,1225
SONG,PAGE,596
OVER,SHAY,113
EYES,WARN,173
EVEN,MAKE,295577
SOME,JUST,75263
HANG,BABY,64
PART,CELL,270
THIS,TEST,1582981
HUGE,KISS,827
PLUS,CORN,771
WHAT,PLAN,33705
RING,NETS,1099
HEAD,SHOT,35173
WITH,CORE,47246
WITH,SIBI,144
DENY,THEN,1251
LIFE,ANEW,43176
PAID,DUES,10043
ARCH,VIEW,489
STOP,CARS,2694
BOTH,HERE,211289
ARMS,HAVE,61661
WHEN,ARCH,1853
YOUR,METE,178
YEAR,THAT,944263
CARS,BLEW,411
HEAP,UPON,29030
SOIL,PASS,348
FERN,GLEN,2736
LOGS,LIKE,2436
ENDS,VERY,5355
ELSE,AWAY,7574
KEEP,WITH,60171
THAT,HYMN,21164
TRUE,RITE,545
EGGS,WILL,45949
FIST,DOWN,33727
JOIN,LIKE,1867
GREW,RICH,58358
SOME,TORS,73
SLOW,TILT,462
PISH,TUSH,323
MOOD,VERY,2221
FORT,WARD,2281
MEET,ONCE,73377
LAYS,THIS,5761
DEAR,EVIE,395
WITH,XXXV,213
WITH,RUPA,801
SLIP,PART,249
BIRD,HOST,543
WHAT,HAIL,441
KNOW,KIDS,4258
THEE,OVER,9700
FROM,JOVE,9868
PART,DARK,3542
FIND,LEGS,223
WHOM,MATH,98
THEN,HELD,334134
SAVE,TIME,401192
RICE,MEAL,5285
CORD,WILL,21911
JEFF,LIKE,437
LATH,WITH,2222
DOWN,THEN,46640
HOMO,ACTU,85
EBBE,MODO,218
BODY,OPTS,55
TEST,LOOK,1051
SOBS,WERE,14276
CALL,BEDS,121
NOUN,WITH,25871
FROM,THUT,204
SURE,LUCK,160
TIES,WITH,1115165
WITH,EASE,835357
WHEN,RENE,5260
THIN,IRON,19222
HAND,WENT,112312
LIMP,DOTH,214
THAT,OPEN,290625
MORE,WILL,531307
RICH,THAT,70102
DROP,LEAD,245
OPEN,MIND,302618
TOOK,OVER,2626993
STAR,TURN,10320
HUGE,PAIL,290
SAID,JOSE,8609
MISS,EAST,1069
EVIL,ROCK,153
CAMP,MACK,333
ARTS,DATA,606
WELL,THET,82
LANG,WITH,2609
SAME,CITV,119
FACE,WHEN,379740
BOAT,RODE,2779
WORK,DONE,2292495
ROTC,CAMP,190
TRIM,SIDE,470
TILL,EASE,167
MORE,THIN,15979
LEAD,BACK,62133
HARD,WORK,2503764
THOU,LIES,504
OWES,MUCH,234927
GIVE,THIS,749863
PITY,BOTH,1619
SHIM,FROM,544
LESS,LAID,1585
FEET,SEES,89
BEET,THAN,516
MADE,UPON,1200916
ROOM,WALL,39367
SONG,ENDS,14167
LLTH,RIBS,88
WITH,NEMI,134
MATH,EACH,260
HILL,ROSE,9405
EVEN,FATE,2411
SAME,NINE,7697
GOLD,BOYS,85
TYPE,JUST,23241
KIND,GOLD,163
GODS,WHEN,14962
HAND,FILM,432
ROME,WALK,52
CITY,PREP,60
MOVE,UPON,42358
SAKE,NAME,90
PICK,TEAM,156
AISC,CODE,941
WEEK,HOLD,269
WARY,FEET,306
THAT,AKAN,806
FROM,DALJ,77
CEOS,WILL,2133
BURY,TIME,91
HOPE,THEY,459740
HARM,BOYS,80
KNOW,LESS,65213
COST,COST,51155
ARMY,PICK,182
FREE,BOTH,15349
HALL,LAMP,3576
ROOT,GROW,1158
BOAT,JOIN,70
SUCH,ARMS,27619
MORE,SELF,430138
MALE,SURE,51
IIIN,IIIM,190
SEEN,GAIL,226
SURF,RACE,253
PIED,SHAG,555
PURE,GIRL,3757
YETT,METT,42
JOSE,TOUS,164
THEN,NACL,122
CHOU,HSIN,2591
TIME,BINS,2540
ANNA,PAYS,118
THAT,WADE,13021
GIFT,SHOP,200258
HYPO,FULL,70
DONE,THAN,93974
FROM,PAND,81
ACTS,GAVE,5393
TYPE,WILL,144873
MORE,CETA,67
FIVE,FEAR,575
NOVA,ACTA,16988
ROOT,WHEN,11382
ARTY,FILM,220
JOSE,LEVY,230
WITH,COPI,207
ONLY,TELL,173157
POET,LAID,875
THAT,RUDE,31732
DREW,FAST,439
VAST,EARS,228
NORM,FROM,12027
MUIR,WILL,647
LONE,SOCK,133
AGED,WOOD,2824
RUNS,HIGH,28875
LAND,RENT,85307
FROM,HERB,5749
RING,ATOM,890
SOME,NOUN,6337
SEND,FIRE,6705
ONLY,TYPE,122424
GREY,BODY,8122
PREY,FISH,5067
FROM,NISC,83
TOBE,ABLE,642
INTO,LIFE,587214
THAT,TULE,492
THEN,TOOK,1013046
WITH,WIND,131275
POOR,TATE,175
SHOT,LONG,3007
FLOW,FLAT,156
TYPE,GAAS,13568
FROM,IDAS,124
BEEN,ARMY,2584
NARA,WILL,279
BOLD,ICON,604
WIDE,SILK,2520
PARK,WILL,27911
MUST,FEEL,468499
TEST,KITS,25604
JACK,LEON,366
RATE,RENT,501
WITH,SLOW,260025
BOTH,BONE,12545
TALK,DIED,3007
WARM,MINE,255
FEEL,SURE,427296
FEEL,DONE,755
MALE,SAME,5319
REAR,HALF,17428
EVER,PUTS,3948
HARD,SIDE,6753
LOSE,FIVE,9555
CAMP,PORT,65
USED,TEAR,5421
SILK,NECK,1622
LIKE,MUNG,297
FEED,BACK,93108
TNIS,SAME,134
WORE,HATS,14972
POOR,JILL,762
SHOP,FARE,465
AREA,NEAR,190631
LIST,FORM,13720
PLAT,ONLY,136
TRUE,FROM,106288
MUST,SPIT,2266
BAND,INTO,27698
LEAN,DIET,923
WITH,MIPS,837
JEAN,SEES,605
GIRL,LOST,12506
ALSO,SEIT,230
WHEN,LEON,11201
RUSH,HOLT,1081
HILL,DRAG,88
NEAR,PISA,6121
BLUE,BOOK,259768
BONN,THEY,384
THAT,ALEX,50834
MUDS,NEAR,226
NEAR,WARM,1694
TERR,PHYS,607
FACT,CAME,22131
MOON,WERE,53349
LANE,WELL,782
GALL,PLAN,1324
VERY,ROOM,59340
DEUX,MOIS,10697
HAVE,WITH,858209
WANT,CAMP,118
VIEW,FREE,2349
CITE,HOLY,61
NODE,RING,751
FROM,POOR,291639
LIFE,FULL,54536
FOOT,WITH,227809
THEN,HEAD,124923
SAME,BEND,1588
GAON,DIED,109
GREG,HERE,332
WHEN,ALVA,2700
SLEW,TILL,280
FIRM,THAT,439867
CORE,LESS,428
MORS,THAN,3035
DENY,NEWS,88
JUST,COGS,785
ROME,SAID,3857
WHEN,PENS,515
ONCE,BIDS,487
TELL,JOCK,273
GANG,THAT,41855
AUNT,OLYA,982
WITH,PALI,2067
FELT,WHAT,65301
RUDE,SEMI,245
VAST,LAND,41127
HAVE,WORN,235185
CHAS,ALSO,47
INTO,NATO,22470
BANK,WERE,118341
YUEN,SHIU,418
HIST,ONES,88
LAND,TOLD,1532
THUS,DENY,7062
LUCK,DOES,5726
AREA,UPON,16409
THIS,WORK,9722171
THIS,FEED,17606
BAND,ONCE,2751
LINK,WRAY,1176
SHOP,WORK,49740
SALE,FROM,45562
MINE,THAN,16665
LEFT,FOUR,34980
LATE,POPE,18191
ZOOM,HERE,64
DATE,WILL,76464
TOPS,HERE,543
ESSE,DEUM,3791
BARS,HURT,58
ALSO,FENN,184
ONCE,UPON,632769
PRAY,OVER,37728
THAT,NAZI,30954
WIFE,THOU,1177
ONLY,DEAD,32778
WARM,FOOD,16878
LIKE,GLUE,24997
MERE,BABY,7290
OPEN,KEEP,279
THIS,LETS,51907
ALSO,FROM,1815998
GETS,LESS,31243
LIKE,VEIT,120
CASH,ROWS,620
STAY,ONCE,2920
LEAF,LARD,4467
DEAL,HALF,190
CASE,SNAP,80
CITY,OWES,5867
YARD,JUST,7197
FREE,TEXT,36413
VERY,MILD,180639
WILL,SHEW,124087
BEER,DUTY,4936
LORD,WHIT,338
DOAN,LOVE,57
FROM,WIND,106902
ONLY,MINA,206
THEY,ALSO,9513202
WANT,WITH,211949
CHEW,COCA,2777
LIKE,SOHO,828
THAT,WILF,618
FENG,ALSO,976
FULL,FILE,6952
WIFE,LIED,508
WEAR,TYPE,706
WARE,SEEM,353
SKIE,WITH,373
TIDE,POLE,489
WILL,THEN,2934942
WERE,BUIH,152
FRED,REIF,119
TOWN,MILK,1924
SELL,WIND,341
GALE,DEAD,389
THAT,ROOM,437046
CAPE,FEAR,141319
TERM,TERM,9385
WITH,HAIF,84
WIRY,HAIR,12611
MUST,STAB,774
ANNA,HARE,85
GROW,SOME,26680
FIVE,SAID,7419
CASE,MOST,33975
RIDE,DOWN,96308
SABE,AMAR,83
EACH,FUEL,13844
THIS,KIND,11421475
THEY,FIND,2124082
AGES,CARE,74
UPON,THEE,226035
BEST,HAZY,356
MAIL,ROOM,28333
LONG,RELY,214
LIFO,THAN,421
BOTH,GLAD,10241
INTO,YIIN,178
BOMB,HIGH,195
LEGS,LOSS,66
MEHR,HALT,132
AAAI,FALL,1671
NEWS,DESK,13725
MILO,THIS,57
FILM,STOP,317
SALE,TIME,2485
UPON,PUSH,115
FROM,SECT,11613
PAUL,MORE,5240
EVEN,WASH,8755
ACTU,VULT,47
WILD,WORM,353
SIZE,SACK,149
WEST,SHOW,52360
GREW,WITH,142668
YARD,CREW,1816
BUSY,CARE,2057
DVDS,HAVE,1460
WIND,WORK,2338
MAPS,YOUR,548
WITH,EASY,171919
WARN,THEM,163830
STOP,YOUR,115197
THAT,CAPT,3904
FIRE,WITH,504685
CLUB,CREW,406
GRID,MUST,6564
WILD,WIND,24599
CPUS,ONLY,99
THEY,SHIT,2357
THAT,SEAL,20855
BEEN,NOSE,359
KNOW,BLUE,1103
STUB,AXLE,3404
HELP,EACH,325612
CAME,DOWN,2818262
HOGG,LEFT,450
WITH,EDTA,29679
THIN,MICA,4942
PLUS,COIN,156
NEXT,STEP,2170643
PREK,LEAP,61
FLAT,CALM,14038
TOUR,LONG,451
EVEN,MADE,309456
ZERO,KNEW,104
KNEW,LORD,7528
DRAW,WITH,73335
MALE,THEY,5832
ASIA,BEST,107
WERE,KNIT,13776
HARD,BEAM,364
NEAR,JEFF,199
SICK,PLAY,163
TUDE,DOES,43
ARCS,BACK,685
MOVE,WAVE,60
LORD,BRAY,1308
PLOT,SHOW,1946
MAKE,INCH,218
WIRE,JOHN,142
OPEN,DEAD,774
LEGS,INTO,41137
EVEN,CAGE,232
JOAN,FORD,389
UPON,MISS,31306
SELL,SELL,1677
FIVE,ARCS,746
NAME,TAPE,1069
ALMA,ROAD,1280
MAIN,FLAT,697
TYPE,ECHO,1656
DEED,INTO,4598
RANK,WORE,1707
RUDY,OVER,149
DOES,ROCK,1322
MUST,LOOK,1122268
HAVE,BOYD,117
WERE,DEAD,795721
GOOD,MINE,3784
BOYS,SUIT,45
WIFE,WERE,394667
HUGE,FREE,1741
WILL,GROW,1198391
NOSE,BACK,5599
TELL,MIMI,612
FIVE,SONS,137144
YELL,LIKE,8042
BEER,BEER,1921
KNIT,BROW,2226
POEM,MEET,130
ZIJN,HULP,195
FELT,EVEN,120599
HOES,ALSO,166
SHOW,JUNG,112
DOWN,WHEN,453855
TEST,PARA,77
EAST,EAST,7166
MUST,ALSO,5432017
SANS,DUST,47
BONA,ROBA,1150
READ,MOLL,222
ARZT,GION,102
THUS,ENDS,48188
LAMB,SENT,1064
YOUR,KEEL,1793
HAND,POKE,78
SORT,THAN,26318
WORN,WAYS,895
LOCK,LIST,457
WITH,REAR,25701
PAIR,HAVE,20327
WHEN,READ,122903
THAN,ROOM,12738
WITH,FORD,63091
LAZY,LEAP,52
BITS,RATE,130
HAVE,LOTS,221296
CARE,TILL,3707
TREE,FROM,146729
FIND,RENO,127
THEM,ALSO,544144
COLD,THEY,21901
YOUR,FAIR,53754
VIEW,VOID,84
WHEN,TOFU,169
MUCH,MORE,25801051
HAND,BOOK,56032
POOR,CORD,62
SEAS,WERE,80372
SEES,UPON,4058
HANS,MADE,1819
JUNK,FROM,9588
GOOD,LAMA,345
FURS,BACK,1373
SOME,CLUB,13949
PATH,TYPE,4881
KEEN,NOSE,6972
BEND,LEFT,2868
HAIR,SIGN,80
DREW,FROM,451604
WASH,PANS,712
PLUS,NOUN,3809
FROM,LOOE,1035
LAST,NOON,1012
MALE,BODY,114473
LOVE,YOUR,447401
THEM,WIIH,425
SING,SOLO,1700
URUS,BULL,73
YORK,FROM,154635
NTSB,TEAM,117
THAT,TOOK,1763064
WEIL,FAST,101
FINE,HAZE,1658
SAID,TANE,331
GRAY,HAIR,297768
VASE,FOOD,108
SEND,THEM,1136040
MERE,JOBS,476
FROM,FORT,496243
TOLL,MUST,1124
LONG,JOAN,172
THAT,LOSE,29296
OVER,CASH,18039
THAT,MYTH,59667
WORK,THIS,283521
EGGS,WERE,252160
FACT,HAVE,202227
GLEN,ALSO,667
BEEN,FURY,265
HIGH,POUR,1463
REAR,LESS,148
SAID,SEAT,1563
WERO,GOOD,86
LINE,DIVE,92
ELSE,YOUR,18892
SOLE,DUTY,25976
TEST,TREE,1389
CART,NEXT,1568
PAUL,HOPE,492
JOSH,MOST,48
TYPE,MICE,17775
PREY,WITH,42226
MUCH,MUCH,26451
SLOW,THEM,25400
BARN,WERE,10773
THAT,TROM,214
ERIC,GILL,26734
SEEK,HELP,245815
THOU,DEEP,4711
SOUL,GOOD,5190
VERV,GOOD,2563
FACT,BOOK,64758
NINE,FOOT,8465
LORD,GIVE,25787
SIZE,LEGS,182
PART,ONLY,236634
ONLY,TIME,942851
FROM,JESS,3321
JOBS,WHEN,41967
JUST,WAIT,262722
DITE,ISLE,401
SEEM,MANY,3275
THOU,LOOK,9766
DOTH,SUCH,2244
LAND,RACE,2252
HAYS,USES,118
WHOM,WERE,1954210
WERE,MADE,12841378
LIKE,MANY,2085759
ONLY,COLD,25662
SENT,POST,20388
HOPE,WILL,307940
WILL,SHIP,22810
ONLY,THEN,1328559
WORN,THOU,47
LIKE,WEIL,588
THAT,BLEW,109154
BEEN,SENT,2484246
BIND,DOWN,9445
BEEN,MUCH,2342267
MANN,WIRD,409
THEN,LIKE,87294
THAN,THAT,20039809
CLUE,LIES,5457
REAP,THAT,5377
SUNG,FROM,15122
UMMA,ALSO,100
HUFF,FROM,702
TERM,BANK,26949
VERY,WARS,1025
TIME,BEEN,590235
THEY,HALT,14064
SEEN,THAT,6485553
HEAD,THAT,471326
BAND,WHEN,20929
VERY,DEAR,323116
ZERO,USED,739
TUNC,ISTA,181
PICS,FILE,333
SEEM,MORE,617562
THAN,DATA,30622
PAIX,WITH,612
WELL,GARY,162
KEEP,WERE,3578
SILT,FINE,1478
NEXT,TOSS,4273
GOWN,TIES,112
HERE,PASS,8169
TYPE,DRUG,3159
TYRE,YARN,418
OHNE,BILD,178
WERE,DEDE,520
OVER,FIRE,19281
BARS,DROP,199
CITY,BILL,1458
THAT,SUFI,2356
SOME,PILL,1462
PACK,TUNA,496
FROM,MEAN,49696
KAON,INTO,110
SAME,SORT,844400
PEER,KHAN,922
MORE,ARID,47586
GAZE,FELL,37755
IPSA,ACIE,63
WITH,SITE,35297
SEEK,HEAT,234
SIZE,MAKE,6436
LIKE,THAN,51016
SOME,TASK,56841
KEEP,THAN,4980
LOOP,WITH,79899
WEAK,TONE,2678
GODS,JUST,2569
MAKE,ROOM,681251
TYPE,DATE,13735
MOVE,PAIR,105
LIKE,ARCS,703
WILL,TAKE,7210679
HAVE,KEPT,1342862
BONE,LUNG,221
EVEN,GILT,490
FROM,GARD,582
LESS,THIS,28054
CODE,ZONE,430
BEST,KEEP,15692
SAME,DUKE,4659
OVER,TRAN,57
SLIM,BOOK,6112
TOES,FELL,337
BEAN,LOOK,172
UGLY,ROCK,670
PINS,WORN,486
WARS,FELL,581
REEF,TOOK,215
DOWN,MOOD,1280
BOOK,MERE,711
MAIN,ROLL,2302
SWIM,WHEN,8115
YOUR,TEST,110354
OVER,HACK,61
HARI,HERE,233
FULL,YAWN,138
FAKE,LAKE,181
HEAD,LORD,759
TIME,GOOD,15486
CARS,BEAT,140
RAYS,SWIM,305
SLIM,REED,921
FROM,GELL,522
FROM,TODD,8968
DEIN,BUCH,105
THIS,SEVA,266
WERE,VERB,388
LAST,SHOW,26473
WEEK,HERE,17655
MEAN,FAST,1461
FALO,ALTO,168
LAST,OCCU,45
PIED,PIED,99
SEND,BACK,185844
CORD,EDGE,404
PLAY,TRAP,106
LIDS,TIED,56
WITH,UFFI,371
BOOK,WANG,63
GOOD,SKIN,19571
BLUE,BEAM,3305
STEP,WERE,21360
WANT,GAVE,297
MAKE,SAID,7832
RAMU,AREA,304
JUST,WENT,250874
TIME,NONE,23718
FACE,IDEA,112
WISH,ONLY,52550
ELSE,WILL,344592
ROOT,BEER,66187
CORN,DISH,513
HAND,PICK,5078
DOUR,FACE,2911
LORD,FIVE,1041
NECK,GREW,2939
THIS,RULE,2729343
POLY,WILL,260
JEST,OVER,1510
GIDE,FELL,62
FANG,PING,317
PREY,GAME,113
IOWA,JULY,579
ELLY,LEFT,99
WHEN,DITA,183
FOAM,FROM,27937
PURE,CDNA,66
COMO,TODO,1915
MEEK,ONES,1002
THAT,FICK,1044
NOOK,NEAR,1878
WITH,ARMS,604188
LAKE,TITI,135
HEAR,IDLE,274
GIVE,HINT,1120
CALF,CALF,536
GAVE,THAT,167613
HOLD,SDRS,420
SLID,AWAY,43933
FIRE,KEPT,15136
EYES,WORE,4150
TAIL,HAIR,4911
BEST,SONG,15179
NEON,OVER,382
BEST,MESS,433
OPEN,HIGH,7315
KUKI,AREA,82
WHAT,SOON,19199
BIKE,HIRE,3095
TALL,GATE,2592
TUBE,BEAR,131
MOST,HANG,561
GODS,SAKE,5776
SARA,ALSO,2359
MEEK,USED,87
THEY,RELY,199810
HEAR,SOON,8113
LADS,ONCE,289
WERE,HARD,473600
BEST,ABLE,155139
FRAP,WITH,81
MANY,PTAS,202
DROP,ALSO,2713
BARS,WERE,99401
HATH,BYNN,194
SALT,HILL,6949
THEY,MAKE,3620802
MARX,THAT,21361
TOOK,LIFE,22043
VERY,SELF,155606
SHOW,SOME,561272
EVER,YEAR,1972
MUCH,DIRE,270
ONLY,LAID,28635
LEFT,THAT,461167
BLEW,LESS,505
UNIT,AREA,548998
PETS,FROM,5110
TONY,KAYE,1048
HILL,LAST,3424
EMMA,DEAN,3468
GOOD,POLO,1562
DUMA,LAID,49
FILL,PITA,144
FELL,BACK,1037807
ROCK,HALF,2324
YEAH,BOSS,220
SAID,WHAT,334920
FLOW,ICON,818
MORE,LAWS,26951
LIKE,NAOH,542
MORE,FURS,3827
SAFE,UNIT,2265
MALE,ROLE,80848
GEOL,STUD,99
TAKE,SURE,1264
WILL,LIFE,10973
MANY,ONES,5682
ARAB,FACE,1190
MADE,ZOLA,234
DEAD,PAST,51747
PALE,HALO,1526
THIS,THEN,404118
SAID,BUSH,8885
THEY,FALL,779814
WITH,MOST,2167595
DONE,DEUX,220
BEAR,SUCH,95461
LIKE,BARS,9156
CORE,TRAY,58
MARS,ONCE,1734
VERY,SLIP,403
MOST,FAIR,35271
THIN,ONES,18912
BACK,DEAR,664
THAT,THAD,2105
MERE,WIND,3814
WITH,LAKE,63236
VERY,FINE,1991256
GAVE,MUCH,151853
THEN,WITH,1543218
KHOO,SIAK,565
